{"stats":{"minecraft:dropped":{"minecraft:stick":1,"minecraft:dirt":1,"minecraft:pumpkin":1},"minecraft:killed":{"minecraft:spider":1,"minecraft:skeleton":2,"minecraft:sheep":4,"minecraft:pillager":1,"minecraft:zombie":1,"minecraft:chicken":1,"minecraft:drowned":1},"minecraft:broken":{"minecraft:stone_pickaxe":2,"minecraft:stone_sword":1},"minecraft:killed_by":{"minecraft:zombie":1},"minecraft:picked_up":{"minecraft:feather":2,"minecraft:chicken":1,"minecraft:andesite":38,"minecraft:oak_log":16,"minecraft:shield":1,"minecraft:string":2,"minecraft:dirt":39,"minecraft:bone":6,"minecraft:bow":1,"minecraft:wheat_seeds":1,"minecraft:stone_pickaxe":1,"minecraft:oak_boat":4,"minecraft:bamboo":6,"minecraft:melon_slice":17,"minecraft:birch_sapling":4,"minecraft:stick":3,"minecraft:raw_iron":16,"minecraft:pumpkin":7,"minecraft:gravel":3,"minecraft:diorite":3,"minecraft:arrow":4,"minecraft:diamond":6,"minecraft:granite":13,"minecraft:dark_oak_fence":1,"minecraft:oak_sapling":1,"minecraft:mutton":6,"minecraft:black_wool":1,"minecraft:coal":13,"minecraft:white_wool":3,"minecraft:cobblestone":247},"minecraft:crafted":{"minecraft:wooden_sword":1,"minecraft:oak_planks":56,"minecraft:crafting_table":4,"minecraft:wooden_pickaxe":2,"minecraft:furnace":1,"minecraft:stone_axe":1,"minecraft:cooked_mutton":5,"minecraft:oak_boat":1,"minecraft:diamond_helmet":1,"minecraft:iron_boots":1,"minecraft:iron_chestplate":1,"minecraft:stick":16,"minecraft:iron_ingot":15,"minecraft:iron_pickaxe":1,"minecraft:stone_pickaxe":2,"minecraft:stone_sword":2,"minecraft:torch":12},"minecraft:mined":{"minecraft:diamond_ore":6,"minecraft:jungle_leaves":2,"minecraft:granite":13,"minecraft:dark_oak_fence":1,"minecraft:short_grass":7,"minecraft:grass_block":12,"minecraft:melon":3,"minecraft:dead_bush":6,"minecraft:cobblestone":2,"minecraft:diorite":3,"minecraft:iron_ore":15,"minecraft:andesite":38,"minecraft:pumpkin":5,"minecraft:coal_ore":13,"minecraft:oak_log":15,"minecraft:gravel":3,"minecraft:dirt":22,"minecraft:bamboo":1,"minecraft:stone":250,"minecraft:player_head":3,"minecraft:oak_leaves":9},"minecraft:used":{"minecraft:cooked_mutton":3,"minecraft:diorite":1,"minecraft:stone_sword":106,"minecraft:stone_pickaxe":262,"minecraft:oak_planks":1,"minecraft:wooden_pickaxe":65,"minecraft:shield":4,"minecraft:torch":7,"minecraft:dirt":2,"minecraft:crafting_table":4,"minecraft:melon_slice":17,"minecraft:birch_sapling":4,"minecraft:iron_pickaxe":20,"minecraft:cobblestone":31,"minecraft:furnace":1,"minecraft:oak_sapling":1,"minecraft:andesite":21,"minecraft:oak_boat":4,"minecraft:pumpkin":4},"minecraft:custom":{"minecraft:interact_with_furnace":16,"minecraft:mob_kills":11,"minecraft:interact_with_crafting_table":26,"minecraft:leave_game":3,"minecraft:time_since_death":24779,"minecraft:climb_one_cm":7836,"minecraft:time_since_rest":24870,"minecraft:sprint_one_cm":208141,"minecraft:damage_taken":1451,"minecraft:walk_one_cm":201068,"minecraft:damage_blocked_by_shield":120,"minecraft:drop":3,"minecraft:damage_dealt":1502,"minecraft:swim_one_cm":39173,"minecraft:fly_one_cm":140488,"minecraft:open_chest":3,"minecraft:crouch_one_cm":5566,"minecraft:play_time":98342,"minecraft:deaths":5,"minecraft:sneak_time":4354,"minecraft:walk_under_water_one_cm":23219,"minecraft:boat_one_cm":406256,"minecraft:jump":1336,"minecraft:walk_on_water_one_cm":17975,"minecraft:total_world_time":98342,"minecraft:fall_one_cm":39093}},"DataVersion":3839}