{"stats":{"minecraft:dropped":{"minecraft:stick":1,"minecraft:dirt":1,"minecraft:pumpkin":1},"minecraft:killed":{"minecraft:spider":1,"minecraft:skeleton":2,"minecraft:sheep":4,"minecraft:pillager":1,"minecraft:zombie":1,"minecraft:chicken":1,"minecraft:drowned":1},"minecraft:broken":{"minecraft:stone_sword":1},"minecraft:killed_by":{"minecraft:zombie":1},"minecraft:picked_up":{"minecraft:feather":2,"minecraft:chicken":1,"minecraft:andesite":21,"minecraft:oak_log":16,"minecraft:shield":1,"minecraft:string":2,"minecraft:dirt":35,"minecraft:bone":6,"minecraft:bow":1,"minecraft:wheat_seeds":1,"minecraft:stone_pickaxe":1,"minecraft:oak_boat":4,"minecraft:bamboo":6,"minecraft:melon_slice":17,"minecraft:birch_sapling":4,"minecraft:stick":3,"minecraft:raw_iron":1,"minecraft:pumpkin":7,"minecraft:diorite":1,"minecraft:arrow":4,"minecraft:black_wool":1,"minecraft:oak_sapling":1,"minecraft:mutton":6,"minecraft:dark_oak_fence":1,"minecraft:coal":9,"minecraft:white_wool":3,"minecraft:cobblestone":35},"minecraft:crafted":{"minecraft:wooden_sword":1,"minecraft:oak_planks":56,"minecraft:crafting_table":3,"minecraft:wooden_pickaxe":2,"minecraft:stone_axe":1,"minecraft:cooked_mutton":5,"minecraft:oak_boat":1,"minecraft:stick":12,"minecraft:stone_pickaxe":1,"minecraft:stone_sword":2,"minecraft:torch":12},"minecraft:mined":{"minecraft:jungle_leaves":2,"minecraft:dark_oak_fence":1,"minecraft:short_grass":7,"minecraft:grass_block":12,"minecraft:melon":3,"minecraft:dead_bush":6,"minecraft:diorite":1,"minecraft:andesite":21,"minecraft:pumpkin":5,"minecraft:coal_ore":9,"minecraft:oak_log":15,"minecraft:dirt":18,"minecraft:bamboo":1,"minecraft:stone":36,"minecraft:player_head":3,"minecraft:oak_leaves":9},"minecraft:used":{"minecraft:cooked_mutton":3,"minecraft:diorite":1,"minecraft:stone_sword":106,"minecraft:stone_pickaxe":19,"minecraft:oak_planks":1,"minecraft:wooden_pickaxe":48,"minecraft:shield":4,"minecraft:torch":7,"minecraft:dirt":2,"minecraft:crafting_table":3,"minecraft:melon_slice":17,"minecraft:birch_sapling":4,"minecraft:cobblestone":3,"minecraft:oak_sapling":1,"minecraft:andesite":21,"minecraft:oak_boat":4,"minecraft:pumpkin":4},"minecraft:custom":{"minecraft:interact_with_furnace":6,"minecraft:mob_kills":11,"minecraft:interact_with_crafting_table":13,"minecraft:leave_game":3,"minecraft:time_since_death":6786,"minecraft:climb_one_cm":7836,"minecraft:time_since_rest":6877,"minecraft:sprint_one_cm":206057,"minecraft:damage_taken":1421,"minecraft:walk_one_cm":162557,"minecraft:damage_blocked_by_shield":120,"minecraft:drop":3,"minecraft:damage_dealt":1502,"minecraft:swim_one_cm":39173,"minecraft:fly_one_cm":140151,"minecraft:open_chest":3,"minecraft:crouch_one_cm":5566,"minecraft:play_time":80349,"minecraft:deaths":5,"minecraft:sneak_time":4354,"minecraft:walk_under_water_one_cm":23219,"minecraft:boat_one_cm":406256,"minecraft:jump":1217,"minecraft:walk_on_water_one_cm":17975,"minecraft:total_world_time":80349,"minecraft:fall_one_cm":38046}},"DataVersion":3839}