{"stats":{"minecraft:dropped":{"minecraft:stick":1,"minecraft:dirt":1,"minecraft:pumpkin":1,"minecraft:stone_pickaxe":1},"minecraft:killed":{"minecraft:spider":4,"minecraft:skeleton":3,"minecraft:sheep":8,"minecraft:pillager":1,"minecraft:zombie":7,"minecraft:chicken":1,"minecraft:drowned":1,"minecraft:cow":2},"minecraft:broken":{"minecraft:stone_pickaxe":3,"minecraft:stone_sword":1,"minecraft:iron_pickaxe":1},"minecraft:killed_by":{"minecraft:zombie":1},"minecraft:picked_up":{"minecraft:feather":2,"minecraft:chicken":1,"minecraft:andesite":60,"minecraft:leather":3,"minecraft:oak_log":25,"minecraft:shield":1,"minecraft:lapis_lazuli":24,"minecraft:dirt":49,"minecraft:string":6,"minecraft:raw_copper":4,"minecraft:bone":8,"minecraft:bow":1,"minecraft:wheat_seeds":1,"minecraft:cobbled_deepslate":363,"minecraft:beef":5,"minecraft:stone_pickaxe":2,"minecraft:oak_boat":4,"minecraft:stripped_oak_wood":1,"minecraft:bamboo":6,"minecraft:melon_slice":17,"minecraft:birch_sapling":4,"minecraft:stick":3,"minecraft:raw_iron":40,"minecraft:oak_door":1,"minecraft:pumpkin":7,"minecraft:torch":3,"minecraft:dandelion":1,"minecraft:gravel":12,"minecraft:diorite":12,"minecraft:spider_eye":1,"minecraft:arrow":6,"minecraft:rotten_flesh":5,"minecraft:diamond":17,"minecraft:granite":19,"minecraft:gray_wool":1,"minecraft:oak_sapling":1,"minecraft:dark_oak_fence":1,"minecraft:black_wool":2,"minecraft:mutton":9,"minecraft:coal":28,"minecraft:white_wool":4,"minecraft:cobblestone":472},"minecraft:crafted":{"minecraft:cooked_beef":5,"minecraft:wooden_sword":1,"minecraft:oak_planks":96,"minecraft:crafting_table":4,"minecraft:wooden_pickaxe":2,"minecraft:iron_sword":1,"minecraft:furnace":2,"minecraft:stone_axe":1,"minecraft:cooked_mutton":9,"minecraft:oak_boat":1,"minecraft:diamond_helmet":1,"minecraft:iron_boots":1,"minecraft:iron_chestplate":1,"minecraft:shield":1,"minecraft:stick":32,"minecraft:iron_ingot":29,"minecraft:iron_pickaxe":2,"minecraft:stone_pickaxe":6,"minecraft:stone_sword":2,"minecraft:chest":1,"minecraft:diamond_boots":1,"minecraft:iron_leggings":1,"minecraft:torch":28,"minecraft:diamond_chestplate":1},"minecraft:mined":{"minecraft:diamond_ore":6,"minecraft:deepslate_diamond_ore":11,"minecraft:jungle_leaves":2,"minecraft:granite":19,"minecraft:dark_oak_fence":1,"minecraft:short_grass":11,"minecraft:grass_block":12,"minecraft:melon":3,"minecraft:dead_bush":6,"minecraft:copper_ore":1,"minecraft:cobblestone":2,"minecraft:diorite":13,"minecraft:iron_ore":29,"minecraft:andesite":62,"minecraft:stripped_oak_wood":1,"minecraft:pumpkin":5,"minecraft:deepslate_lapis_ore":4,"minecraft:deepslate_iron_ore":10,"minecraft:oak_log":24,"minecraft:coal_ore":28,"minecraft:gravel":13,"minecraft:dirt":27,"minecraft:bamboo":1,"minecraft:stone":482,"minecraft:player_head":5,"minecraft:oak_leaves":9,"minecraft:deepslate":363},"minecraft:used":{"minecraft:cooked_mutton":7,"minecraft:diorite":2,"minecraft:stone_sword":108,"minecraft:stone_pickaxe":618,"minecraft:oak_planks":2,"minecraft:chest":1,"minecraft:shield":7,"minecraft:wooden_pickaxe":65,"minecraft:iron_sword":102,"minecraft:oak_door":3,"minecraft:torch":15,"minecraft:dirt":2,"minecraft:crafting_table":4,"minecraft:melon_slice":17,"minecraft:birch_sapling":4,"minecraft:iron_pickaxe":363,"minecraft:stone_axe":8,"minecraft:cobblestone":49,"minecraft:furnace":2,"minecraft:oak_sapling":1,"minecraft:andesite":21,"minecraft:oak_boat":4,"minecraft:cobbled_deepslate":64,"minecraft:cooked_beef":4,"minecraft:pumpkin":4},"minecraft:custom":{"minecraft:interact_with_furnace":34,"minecraft:mob_kills":27,"minecraft:interact_with_crafting_table":48,"minecraft:leave_game":5,"minecraft:time_since_death":17882,"minecraft:climb_one_cm":7836,"minecraft:time_since_rest":17902,"minecraft:sprint_one_cm":291372,"minecraft:damage_taken":2074,"minecraft:walk_one_cm":338335,"minecraft:damage_blocked_by_shield":210,"minecraft:drop":4,"minecraft:damage_dealt":3577,"minecraft:talked_to_villager":1,"minecraft:swim_one_cm":47245,"minecraft:fly_one_cm":174029,"minecraft:open_chest":16,"minecraft:crouch_one_cm":10772,"minecraft:play_time":159893,"minecraft:deaths":7,"minecraft:sneak_time":6345,"minecraft:walk_under_water_one_cm":23789,"minecraft:boat_one_cm":406256,"minecraft:jump":1923,"minecraft:walk_on_water_one_cm":21643,"minecraft:total_world_time":159893,"minecraft:fall_one_cm":59072,"minecraft:horse_one_cm":143758}},"DataVersion":3839}