{"stats":{"minecraft:killed":{"minecraft:skeleton":2,"minecraft:sheep":3,"minecraft:pillager":1,"minecraft:zombie":1,"minecraft:chicken":1,"minecraft:drowned":1},"minecraft:dropped":{"minecraft:stick":1,"minecraft:dirt":1,"minecraft:pumpkin":1},"minecraft:broken":{"minecraft:stone_sword":1},"minecraft:killed_by":{"minecraft:zombie":1},"minecraft:picked_up":{"minecraft:feather":2,"minecraft:chicken":1,"minecraft:andesite":21,"minecraft:oak_log":16,"minecraft:shield":1,"minecraft:dirt":35,"minecraft:bone":6,"minecraft:bow":1,"minecraft:wheat_seeds":1,"minecraft:stone_pickaxe":1,"minecraft:oak_boat":4,"minecraft:bamboo":6,"minecraft:melon_slice":17,"minecraft:birch_sapling":4,"minecraft:stick":3,"minecraft:raw_iron":1,"minecraft:pumpkin":7,"minecraft:diorite":1,"minecraft:arrow":4,"minecraft:oak_sapling":1,"minecraft:mutton":5,"minecraft:dark_oak_fence":1,"minecraft:coal":4,"minecraft:white_wool":3,"minecraft:cobblestone":6},"minecraft:crafted":{"minecraft:wooden_sword":1,"minecraft:oak_planks":56,"minecraft:crafting_table":3,"minecraft:wooden_pickaxe":1,"minecraft:cooked_mutton":5,"minecraft:oak_boat":1,"minecraft:stick":8,"minecraft:stone_sword":1,"minecraft:torch":8},"minecraft:mined":{"minecraft:jungle_leaves":2,"minecraft:dark_oak_fence":1,"minecraft:short_grass":7,"minecraft:grass_block":12,"minecraft:melon":3,"minecraft:dead_bush":6,"minecraft:diorite":1,"minecraft:andesite":21,"minecraft:pumpkin":5,"minecraft:coal_ore":4,"minecraft:oak_log":15,"minecraft:dirt":18,"minecraft:bamboo":1,"minecraft:stone":6,"minecraft:player_head":2,"minecraft:oak_leaves":9},"minecraft:used":{"minecraft:cooked_mutton":3,"minecraft:diorite":1,"minecraft:stone_sword":93,"minecraft:oak_planks":1,"minecraft:wooden_pickaxe":32,"minecraft:shield":4,"minecraft:torch":3,"minecraft:dirt":2,"minecraft:crafting_table":2,"minecraft:melon_slice":17,"minecraft:birch_sapling":4,"minecraft:cobblestone":3,"minecraft:oak_sapling":1,"minecraft:andesite":21,"minecraft:oak_boat":4,"minecraft:pumpkin":4},"minecraft:custom":{"minecraft:interact_with_furnace":6,"minecraft:mob_kills":9,"minecraft:interact_with_crafting_table":7,"minecraft:leave_game":2,"minecraft:time_since_death":5454,"minecraft:climb_one_cm":6872,"minecraft:time_since_rest":5474,"minecraft:sprint_one_cm":180987,"minecraft:damage_taken":1381,"minecraft:walk_one_cm":143777,"minecraft:damage_blocked_by_shield":120,"minecraft:drop":3,"minecraft:damage_dealt":1293,"minecraft:swim_one_cm":37953,"minecraft:fly_one_cm":134262,"minecraft:open_chest":1,"minecraft:crouch_one_cm":5566,"minecraft:play_time":71046,"minecraft:deaths":4,"minecraft:sneak_time":4353,"minecraft:walk_under_water_one_cm":23219,"minecraft:boat_one_cm":406256,"minecraft:jump":1116,"minecraft:walk_on_water_one_cm":17975,"minecraft:total_world_time":71046,"minecraft:fall_one_cm":35749}},"DataVersion":3839}