{"stats":{"minecraft:dropped":{"minecraft:stick":1,"minecraft:dirt":1,"minecraft:pumpkin":1,"minecraft:stone_pickaxe":1},"minecraft:killed":{"minecraft:spider":4,"minecraft:skeleton":2,"minecraft:sheep":8,"minecraft:pillager":1,"minecraft:zombie":6,"minecraft:chicken":1,"minecraft:drowned":1,"minecraft:cow":2},"minecraft:broken":{"minecraft:stone_pickaxe":2,"minecraft:stone_sword":1},"minecraft:killed_by":{"minecraft:zombie":1},"minecraft:picked_up":{"minecraft:feather":2,"minecraft:chicken":1,"minecraft:andesite":48,"minecraft:leather":3,"minecraft:oak_log":19,"minecraft:shield":1,"minecraft:lapis_lazuli":24,"minecraft:dirt":46,"minecraft:string":6,"minecraft:bone":6,"minecraft:bow":1,"minecraft:wheat_seeds":1,"minecraft:cobbled_deepslate":69,"minecraft:beef":5,"minecraft:stone_pickaxe":2,"minecraft:oak_boat":4,"minecraft:stripped_oak_wood":1,"minecraft:bamboo":6,"minecraft:melon_slice":17,"minecraft:birch_sapling":4,"minecraft:stick":3,"minecraft:raw_iron":30,"minecraft:oak_door":1,"minecraft:pumpkin":7,"minecraft:torch":3,"minecraft:dandelion":1,"minecraft:gravel":6,"minecraft:diorite":11,"minecraft:spider_eye":1,"minecraft:arrow":4,"minecraft:rotten_flesh":4,"minecraft:diamond":17,"minecraft:granite":13,"minecraft:gray_wool":1,"minecraft:oak_sapling":1,"minecraft:dark_oak_fence":1,"minecraft:black_wool":2,"minecraft:mutton":9,"minecraft:coal":13,"minecraft:white_wool":4,"minecraft:cobblestone":365},"minecraft:crafted":{"minecraft:cooked_beef":5,"minecraft:wooden_sword":1,"minecraft:oak_planks":72,"minecraft:crafting_table":4,"minecraft:wooden_pickaxe":2,"minecraft:iron_sword":1,"minecraft:furnace":2,"minecraft:stone_axe":1,"minecraft:cooked_mutton":9,"minecraft:oak_boat":1,"minecraft:diamond_helmet":1,"minecraft:iron_boots":1,"minecraft:iron_chestplate":1,"minecraft:shield":1,"minecraft:stick":28,"minecraft:iron_ingot":29,"minecraft:iron_pickaxe":2,"minecraft:stone_pickaxe":6,"minecraft:stone_sword":2,"minecraft:chest":1,"minecraft:diamond_boots":1,"minecraft:iron_leggings":1,"minecraft:torch":12,"minecraft:diamond_chestplate":1},"minecraft:mined":{"minecraft:diamond_ore":6,"minecraft:deepslate_diamond_ore":11,"minecraft:jungle_leaves":2,"minecraft:granite":13,"minecraft:dark_oak_fence":1,"minecraft:short_grass":8,"minecraft:grass_block":12,"minecraft:melon":3,"minecraft:dead_bush":6,"minecraft:cobblestone":2,"minecraft:diorite":11,"minecraft:iron_ore":29,"minecraft:andesite":48,"minecraft:stripped_oak_wood":1,"minecraft:pumpkin":5,"minecraft:deepslate_lapis_ore":4,"minecraft:oak_log":18,"minecraft:coal_ore":13,"minecraft:gravel":6,"minecraft:dirt":24,"minecraft:bamboo":1,"minecraft:stone":375,"minecraft:player_head":4,"minecraft:oak_leaves":9,"minecraft:deepslate":69},"minecraft:used":{"minecraft:cooked_mutton":7,"minecraft:diorite":1,"minecraft:stone_sword":108,"minecraft:stone_pickaxe":484,"minecraft:oak_planks":2,"minecraft:chest":1,"minecraft:shield":4,"minecraft:wooden_pickaxe":65,"minecraft:iron_sword":88,"minecraft:oak_door":1,"minecraft:torch":7,"minecraft:dirt":2,"minecraft:crafting_table":4,"minecraft:melon_slice":17,"minecraft:birch_sapling":4,"minecraft:iron_pickaxe":45,"minecraft:stone_axe":2,"minecraft:cobblestone":39,"minecraft:furnace":2,"minecraft:oak_sapling":1,"minecraft:andesite":21,"minecraft:oak_boat":4,"minecraft:cooked_beef":3,"minecraft:pumpkin":4},"minecraft:custom":{"minecraft:interact_with_furnace":33,"minecraft:mob_kills":25,"minecraft:interact_with_crafting_table":47,"minecraft:leave_game":4,"minecraft:time_since_death":33960,"minecraft:climb_one_cm":7836,"minecraft:time_since_rest":34013,"minecraft:sprint_one_cm":261239,"minecraft:damage_taken":1999,"minecraft:walk_one_cm":278302,"minecraft:damage_blocked_by_shield":120,"minecraft:drop":4,"minecraft:damage_dealt":3257,"minecraft:talked_to_villager":1,"minecraft:swim_one_cm":44312,"minecraft:fly_one_cm":165962,"minecraft:open_chest":14,"minecraft:crouch_one_cm":6050,"minecraft:play_time":134796,"minecraft:deaths":6,"minecraft:sneak_time":4683,"minecraft:walk_under_water_one_cm":23789,"minecraft:boat_one_cm":406256,"minecraft:jump":1738,"minecraft:walk_on_water_one_cm":21643,"minecraft:total_world_time":134796,"minecraft:fall_one_cm":50855,"minecraft:horse_one_cm":143758}},"DataVersion":3839}