{"stats":{"minecraft:mined":{"minecraft:oak_sapling":1,"minecraft:torch":3,"minecraft:coal_ore":55,"minecraft:short_grass":29,"minecraft:blast_furnace":1,"minecraft:grass_block":2,"minecraft:oak_log":30,"minecraft:dead_bush":68,"minecraft:dirt":1,"minecraft:tall_grass":3,"minecraft:cobblestone":2,"minecraft:stone":62,"minecraft:oak_planks":2,"minecraft:oak_leaves":18},"minecraft:broken":{"minecraft:stone_axe":1},"minecraft:dropped":{"minecraft:wheat_seeds":1,"minecraft:cooked_porkchop":1,"minecraft:cobblestone":1,"minecraft:oak_planks":1},"minecraft:custom":{"minecraft:time_since_rest":17591,"minecraft:interact_with_furnace":7,"minecraft:sprint_one_cm":62902,"minecraft:damage_taken":1115,"minecraft:walk_one_cm":26266,"minecraft:damage_blocked_by_shield":150,"minecraft:mob_kills":18,"minecraft:drop":4,"minecraft:damage_dealt":2107,"minecraft:interact_with_crafting_table":8,"minecraft:swim_one_cm":10270,"minecraft:fly_one_cm":148711,"minecraft:open_chest":2,"minecraft:crouch_one_cm":105,"minecraft:play_time":30437,"minecraft:deaths":1,"minecraft:walk_under_water_one_cm":1112,"minecraft:sneak_time":124,"minecraft:jump":908,"minecraft:leave_game":1,"minecraft:walk_on_water_one_cm":1780,"minecraft:time_since_death":26846,"minecraft:sleep_in_bed":1,"minecraft:climb_one_cm":886,"minecraft:total_world_time":30437,"minecraft:fall_one_cm":35286},"minecraft:killed":{"minecraft:sheep":4,"minecraft:pig":4,"minecraft:zombie":5,"minecraft:chicken":1,"minecraft:cow":4},"minecraft:used":{"minecraft:cooked_mutton":3,"minecraft:bread":6,"minecraft:stone_pickaxe":118,"minecraft:shield":6,"minecraft:wooden_pickaxe":12,"minecraft:torch":35,"minecraft:stone_axe":108,"minecraft:dirt":2,"minecraft:cobblestone":44,"minecraft:crafting_table":2,"minecraft:cooked_porkchop":3},"minecraft:crafted":{"minecraft:oak_planks":120,"minecraft:cooked_porkchop":3,"minecraft:shield":1,"minecraft:crafting_table":2,"minecraft:stick":36,"minecraft:iron_ingot":1,"minecraft:wooden_pickaxe":1,"minecraft:stone_pickaxe":2,"minecraft:torch":80,"minecraft:stone_axe":2,"minecraft:cooked_mutton":3},"minecraft:picked_up":{"minecraft:stick":54,"minecraft:raw_iron":1,"minecraft:chicken":1,"minecraft:cooked_porkchop":1,"minecraft:leather":3,"minecraft:torch":4,"minecraft:porkchop":10,"minecraft:oak_log":30,"minecraft:blast_furnace":1,"minecraft:dirt":3,"minecraft:rotten_flesh":8,"minecraft:apple":1,"minecraft:wheat_seeds":4,"minecraft:beef":9,"minecraft:bread":6,"minecraft:oak_sapling":2,"minecraft:coal":55,"minecraft:sugar_cane":3,"minecraft:mutton":7,"minecraft:oak_planks":3,"minecraft:white_wool":4,"minecraft:cobblestone":65}},"DataVersion":3839}