{"stats":{"minecraft:killed":{"minecraft:pig":4,"minecraft:spider":2,"minecraft:sheep":4,"minecraft:zombie":7,"minecraft:chicken":1,"minecraft:cow":4},"minecraft:used":{"minecraft:cooked_mutton":7,"minecraft:water_bucket":45,"minecraft:iron_shovel":216,"minecraft:stone_pickaxe":135,"minecraft:baked_potato":2,"minecraft:chest":2,"minecraft:shield":11,"minecraft:wooden_pickaxe":12,"minecraft:iron_sword":9,"minecraft:cooked_chicken":1,"minecraft:rotten_flesh":17,"minecraft:torch":206,"minecraft:dirt":2,"minecraft:crafting_table":7,"minecraft:blast_furnace":2,"minecraft:white_bed":1,"minecraft:milk_bucket":12,"minecraft:iron_axe":17,"minecraft:bread":6,"minecraft:iron_pickaxe":289,"minecraft:iron_boots":1,"minecraft:stone_axe":111,"minecraft:cobblestone":199,"minecraft:furnace":2,"minecraft:cooked_porkchop":10,"minecraft:bucket":45,"minecraft:cooked_beef":9},"minecraft:killed_by":{"minecraft:zombie":1},"minecraft:custom":{"minecraft:interact_with_furnace":33,"minecraft:mob_kills":22,"minecraft:interact_with_crafting_table":28,"minecraft:leave_game":17,"minecraft:time_since_death":51086,"minecraft:sleep_in_bed":6,"minecraft:climb_one_cm":5699,"minecraft:time_since_rest":14133,"minecraft:sprint_one_cm":254042,"minecraft:damage_taken":3634,"minecraft:walk_one_cm":107007,"minecraft:damage_blocked_by_shield":282,"minecraft:drop":7,"minecraft:damage_dealt":3304,"minecraft:swim_one_cm":61184,"minecraft:fly_one_cm":397531,"minecraft:open_chest":10,"minecraft:crouch_one_cm":5006,"minecraft:play_time":110265,"minecraft:deaths":4,"minecraft:sneak_time":2215,"minecraft:walk_under_water_one_cm":1541,"minecraft:jump":2826,"minecraft:interact_with_blast_furnace":14,"minecraft:walk_on_water_one_cm":9160,"minecraft:total_world_time":110265,"minecraft:fall_one_cm":105336},"minecraft:picked_up":{"minecraft:crafting_table":5,"minecraft:cooked_beef":1,"minecraft:chicken":1,"minecraft:ladder":1,"minecraft:andesite":10,"minecraft:leather":3,"minecraft:oak_log":30,"minecraft:cobblestone_stairs":1,"minecraft:lapis_lazuli":27,"minecraft:dirt":198,"minecraft:string":2,"minecraft:cooked_mutton":4,"minecraft:apple":2,"minecraft:kelp":2,"minecraft:wheat_seeds":4,"minecraft:red_sand":1,"minecraft:raw_gold":6,"minecraft:beef":9,"minecraft:iron_pickaxe":1,"minecraft:sugar_cane":3,"minecraft:oak_planks":3,"minecraft:furnace":2,"minecraft:stick":54,"minecraft:raw_iron":55,"minecraft:cooked_porkchop":2,"minecraft:oak_fence":1,"minecraft:torch":9,"minecraft:gravel":2,"minecraft:porkchop":10,"minecraft:blast_furnace":3,"minecraft:diorite":12,"minecraft:mossy_cobblestone":5,"minecraft:rotten_flesh":11,"minecraft:granite":5,"minecraft:emerald":1,"minecraft:bread":6,"minecraft:oak_sapling":3,"minecraft:netherrack":16,"minecraft:mutton":7,"minecraft:coal":166,"minecraft:white_wool":4,"minecraft:cobblestone":183,"minecraft:oxeye_daisy":1},"minecraft:dropped":{"minecraft:wheat_seeds":1,"minecraft:cooked_porkchop":2,"minecraft:cobblestone":1,"minecraft:oak_planks":1,"minecraft:apple":1,"minecraft:iron_pickaxe":1},"minecraft:crafted":{"minecraft:cooked_beef":8,"minecraft:oak_planks":120,"minecraft:cooked_porkchop":10,"minecraft:crafting_table":3,"minecraft:cooked_chicken":1,"minecraft:iron_helmet":1,"minecraft:baked_potato":2,"minecraft:wooden_pickaxe":1,"minecraft:iron_sword":1,"minecraft:furnace":1,"minecraft:bucket":1,"minecraft:stone_axe":2,"minecraft:cooked_mutton":3,"minecraft:iron_boots":1,"minecraft:iron_chestplate":1,"minecraft:shield":1,"minecraft:iron_axe":1,"minecraft:stick":68,"minecraft:iron_ingot":48,"minecraft:stone_pickaxe":2,"minecraft:iron_pickaxe":2,"minecraft:chest":2,"minecraft:iron_shovel":1,"minecraft:iron_leggings":1,"minecraft:white_bed":1,"minecraft:torch":208},"minecraft:mined":{"minecraft:oak_sapling":2,"minecraft:mossy_cobblestone":5,"minecraft:cobblestone_stairs":1,"minecraft:oak_fence":1,"minecraft:glow_lichen":1,"minecraft:crafting_table":5,"minecraft:torch":7,"minecraft:granite":5,"minecraft:short_grass":40,"minecraft:blast_furnace":3,"minecraft:emerald_ore":1,"minecraft:grass_block":79,"minecraft:dead_bush":68,"minecraft:tall_grass":3,"minecraft:cobblestone":36,"minecraft:lapis_ore":4,"minecraft:deepslate_gold_ore":2,"minecraft:oak_planks":2,"minecraft:sculk":4,"minecraft:diorite":24,"minecraft:wall_torch":1,"minecraft:furnace":2,"minecraft:iron_ore":54,"minecraft:andesite":10,"minecraft:deepslate_lapis_ore":1,"minecraft:coal_ore":105,"minecraft:oak_log":30,"minecraft:dirt_path":56,"minecraft:gravel":2,"minecraft:dirt":69,"minecraft:stone":146,"minecraft:netherrack":17,"minecraft:player_head":3,"minecraft:gold_ore":4,"minecraft:oak_leaves":18},"minecraft:broken":{"minecraft:stone_axe":1,"minecraft:iron_pickaxe":1}},"DataVersion":3839}