{"stats":{"minecraft:killed":{"minecraft:spider":8,"minecraft:skeleton":14,"minecraft:drowned":3,"minecraft:pig":5,"minecraft:zombie_villager":1,"minecraft:rabbit":1,"minecraft:bat":2,"minecraft:creeper":3,"minecraft:sheep":1,"minecraft:zombie":26,"minecraft:enderman":1,"minecraft:cow":5},"minecraft:used":{"minecraft:oak_fence":40,"minecraft:stone_sword":117,"minecraft:flint_and_steel":2,"minecraft:oak_sign":35,"minecraft:chest":4,"minecraft:shield":77,"minecraft:iron_sword":239,"minecraft:netherrack":34,"minecraft:iron_chestplate":2,"minecraft:oak_door":8,"minecraft:torch":16,"minecraft:dirt":1104,"minecraft:hopper":3,"minecraft:tuff":20,"minecraft:golden_chestplate":1,"minecraft:oak_fence_gate":3,"minecraft:obsidian":14,"minecraft:iron_hoe":80,"minecraft:wooden_axe":41,"minecraft:lava_bucket":6,"minecraft:iron_axe":162,"minecraft:oak_stairs":16,"minecraft:iron_boots":1,"minecraft:barrel":3,"minecraft:diamond_chestplate":1,"minecraft:magma_block":7,"minecraft:oak_sapling":13,"minecraft:furnace":8,"minecraft:cooked_beef":4,"minecraft:potato":152,"minecraft:cobbled_deepslate":97,"minecraft:pumpkin":8,"minecraft:wheat_seeds":58,"minecraft:water_bucket":136,"minecraft:diorite":23,"minecraft:birch_planks":14,"minecraft:stone_pickaxe":86,"minecraft:oak_planks":71,"minecraft:baked_potato":26,"minecraft:wooden_pickaxe":10,"minecraft:sugar_cane":53,"minecraft:golden_hoe":63,"minecraft:sand":31,"minecraft:rail":2,"minecraft:oak_slab":3,"minecraft:crafting_table":12,"minecraft:white_bed":6,"minecraft:wooden_hoe":1,"minecraft:apple":1,"minecraft:diamond_pickaxe":93,"minecraft:diamond_shovel":1029,"minecraft:bread":3,"minecraft:oak_button":4,"minecraft:iron_pickaxe":433,"minecraft:melon_slice":34,"minecraft:gravel":17,"minecraft:stone_axe":96,"minecraft:wooden_sword":10,"minecraft:cobblestone":53,"minecraft:cooked_porkchop":2,"minecraft:cooked_rabbit":1,"minecraft:bucket":144,"minecraft:oak_boat":7,"minecraft:bone_meal":9,"minecraft:diamond_leggings":1},"minecraft:killed_by":{"minecraft:player":1,"minecraft:skeleton":1},"minecraft:custom":{"minecraft:mob_kills":71,"minecraft:animals_bred":2,"minecraft:inspect_hopper":3,"minecraft:interact_with_crafting_table":82,"minecraft:leave_game":12,"minecraft:time_since_death":200913,"minecraft:climb_one_cm":4565,"minecraft:sprint_one_cm":154905,"minecraft:walk_one_cm":1871625,"minecraft:damage_blocked_by_shield":2231,"minecraft:drop":88,"minecraft:talked_to_villager":4,"minecraft:play_time":401038,"minecraft:deaths":4,"minecraft:sneak_time":26564,"minecraft:walk_under_water_one_cm":63349,"minecraft:boat_one_cm":508718,"minecraft:jump":4074,"minecraft:interact_with_blast_furnace":2,"minecraft:walk_on_water_one_cm":57900,"minecraft:total_world_time":401038,"minecraft:interact_with_furnace":78,"minecraft:traded_with_villager":2,"minecraft:sleep_in_bed":11,"minecraft:time_since_rest":47787,"minecraft:damage_taken":3986,"minecraft:damage_dealt":13385,"minecraft:swim_one_cm":47179,"minecraft:fly_one_cm":157435,"minecraft:player_kills":1,"minecraft:open_chest":100,"minecraft:crouch_one_cm":73503,"minecraft:fall_one_cm":54593,"minecraft:horse_one_cm":1168129},"minecraft:picked_up":{"minecraft:cocoa_beans":3,"minecraft:iron_chestplate":1,"minecraft:crafting_table":8,"minecraft:wheat":18,"minecraft:wooden_pickaxe":1,"minecraft:oak_stairs":17,"minecraft:string":13,"minecraft:oak_sign":24,"minecraft:cobbled_deepslate":144,"minecraft:bucket":2,"minecraft:beef":8,"minecraft:oak_boat":7,"minecraft:poppy":1,"minecraft:melon_slice":34,"minecraft:sugar_cane":130,"minecraft:chest":1,"minecraft:furnace":4,"minecraft:stick":137,"minecraft:raw_iron":45,"minecraft:oak_door":9,"minecraft:oak_fence":59,"minecraft:torch":34,"minecraft:porkchop":6,"minecraft:diorite":24,"minecraft:redstone":46,"minecraft:arrow":11,"minecraft:rotten_flesh":61,"minecraft:saddle":1,"minecraft:gold_ingot":1,"minecraft:mutton":2,"minecraft:obsidian":20,"minecraft:white_wool":2,"minecraft:cobblestone":101,"minecraft:oxeye_daisy":1,"minecraft:birch_log":5,"minecraft:magma_block":15,"minecraft:cooked_beef":7,"minecraft:andesite":9,"minecraft:water_bucket":1,"minecraft:jungle_log":1,"minecraft:leather":7,"minecraft:potato":167,"minecraft:birch_planks":19,"minecraft:flint":3,"minecraft:tuff":23,"minecraft:oak_log":63,"minecraft:gunpowder":15,"minecraft:cobblestone_stairs":2,"minecraft:lapis_lazuli":24,"minecraft:dirt":1155,"minecraft:bone":13,"minecraft:apple":2,"minecraft:bow":4,"minecraft:wheat_seeds":92,"minecraft:raw_gold":16,"minecraft:rabbit_hide":1,"minecraft:iron_ingot":6,"minecraft:oak_fence_gate":6,"minecraft:stone_pickaxe":1,"minecraft:stripped_oak_wood":1,"minecraft:rabbit":1,"minecraft:bamboo":6,"minecraft:iron_sword":1,"minecraft:oak_planks":22,"minecraft:pumpkin":12,"minecraft:dandelion":2,"minecraft:poisonous_potato":3,"minecraft:gravel":18,"minecraft:sand":47,"minecraft:barrel":3,"minecraft:white_bed":3,"minecraft:mossy_stone_brick_slab":3,"minecraft:dark_oak_log":2,"minecraft:spider_eye":4,"minecraft:iron_hoe":1,"minecraft:diamond":53,"minecraft:stone_axe":2,"minecraft:iron_helmet":1,"minecraft:bread":3,"minecraft:oak_button":2,"minecraft:baked_potato":18,"minecraft:oak_sapling":23,"minecraft:netherrack":54,"minecraft:coal":59,"minecraft:hopper":2,"minecraft:ender_pearl":1},"minecraft:dropped":{"minecraft:water_bucket":1,"minecraft:iron_sword":1,"minecraft:birch_planks":11,"minecraft:wheat_seeds":15,"minecraft:lapis_lazuli":24,"minecraft:baked_potato":22,"minecraft:diamond":25,"minecraft:poisonous_potato":3,"minecraft:oak_fence":2,"minecraft:iron_helmet":2,"minecraft:oxeye_daisy":1,"minecraft:dirt":9,"minecraft:diorite":1,"minecraft:torch":2,"minecraft:pumpkin":4,"minecraft:iron_pickaxe":1,"minecraft:string":2,"minecraft:bucket":2,"minecraft:gold_ingot":1,"minecraft:dandelion":1,"minecraft:bone":2,"minecraft:redstone":46,"minecraft:oak_door":6,"minecraft:gravel":1,"minecraft:furnace":1,"minecraft:stone_axe":2,"minecraft:sugar_cane":1,"minecraft:golden_chestplate":1,"minecraft:cobbled_deepslate":12,"minecraft:cocoa_beans":3,"minecraft:wheat":4,"minecraft:rotten_flesh":41,"minecraft:oak_planks":2,"minecraft:iron_hoe":1,"minecraft:mossy_stone_brick_slab":3,"minecraft:oak_sign":1,"minecraft:poppy":1,"minecraft:potato":5,"minecraft:shield":1,"minecraft:gunpowder":7,"minecraft:oak_button":2,"minecraft:iron_chestplate":1,"minecraft:oak_boat":1,"minecraft:oak_sapling":6,"minecraft:wooden_pickaxe":1,"minecraft:bow":1,"minecraft:arrow":2,"minecraft:stone_pickaxe":3},"minecraft:crafted":{"minecraft:wooden_sword":1,"minecraft:oak_door":6,"minecraft:oak_planks":252,"minecraft:oak_sign":12,"minecraft:barrel":3,"minecraft:furnace":5,"minecraft:bone_meal":8,"minecraft:diamond_shovel":1,"minecraft:flint_and_steel":3,"minecraft:hopper":1,"minecraft:diamond_helmet":1,"minecraft:diamond_leggings":1,"minecraft:iron_boots":1,"minecraft:iron_axe":1,"minecraft:iron_hoe":1,"minecraft:stone_pickaxe":3,"minecraft:chest":4,"minecraft:oak_button":8,"minecraft:dark_oak_planks":8,"minecraft:cooked_rabbit":1,"minecraft:cooked_beef":1,"minecraft:sugar":5,"minecraft:oak_slab":12,"minecraft:emerald":2,"minecraft:cooked_porkchop":2,"minecraft:crafting_table":5,"minecraft:enchanting_table":1,"minecraft:wooden_pickaxe":2,"minecraft:baked_potato":30,"minecraft:iron_helmet":1,"minecraft:iron_sword":1,"minecraft:birch_planks":20,"minecraft:bucket":1,"minecraft:stone_axe":1,"minecraft:air":0,"minecraft:oak_boat":2,"minecraft:wooden_hoe":1,"minecraft:book":5,"minecraft:white_wool":7,"minecraft:iron_chestplate":1,"minecraft:paper":69,"minecraft:diamond_pickaxe":1,"minecraft:shield":2,"minecraft:stick":80,"minecraft:iron_pickaxe":2,"minecraft:iron_ingot":44,"minecraft:wooden_axe":2,"minecraft:stone_sword":2,"minecraft:gold_ingot":16,"minecraft:white_bed":3,"minecraft:diamond_chestplate":1},"minecraft:mined":{"minecraft:tuff":26,"minecraft:white_bed":3,"minecraft:oak_sapling":7,"minecraft:farmland":5,"minecraft:deepslate_diamond_ore":33,"minecraft:oak_door":9,"minecraft:cobblestone_stairs":2,"minecraft:jungle_leaves":1,"minecraft:dark_oak_log":2,"minecraft:obsidian":20,"minecraft:dark_oak_fence":2,"minecraft:grass_block":443,"minecraft:jungle_log":1,"minecraft:hopper":2,"minecraft:oak_wall_sign":21,"minecraft:oxeye_daisy":1,"minecraft:magma_block":17,"minecraft:barrel":3,"minecraft:furnace":4,"minecraft:fire":2,"minecraft:iron_ore":18,"minecraft:cobbled_deepslate":22,"minecraft:andesite":9,"minecraft:pumpkin":9,"minecraft:deepslate_lapis_ore":4,"minecraft:oak_sign":2,"minecraft:potatoes":75,"minecraft:vine":4,"minecraft:deepslate_iron_ore":27,"minecraft:dirt_path":86,"minecraft:oak_stairs":17,"minecraft:stone":133,"minecraft:player_head":2,"minecraft:white_wool":1,"minecraft:deepslate_redstone_ore":11,"minecraft:oak_fence":57,"minecraft:crafting_table":9,"minecraft:torch":3,"minecraft:short_grass":190,"minecraft:chest":1,"minecraft:poppy":1,"minecraft:melon":8,"minecraft:dead_bush":137,"minecraft:cobblestone":7,"minecraft:tall_grass":27,"minecraft:deepslate_gold_ore":17,"minecraft:oak_planks":22,"minecraft:sugar_cane":76,"minecraft:diorite":28,"minecraft:wall_torch":19,"minecraft:birch_planks":8,"minecraft:birch_log":5,"minecraft:wheat":25,"minecraft:birch_leaves":1,"minecraft:stripped_oak_wood":1,"minecraft:oak_log":64,"minecraft:coal_ore":54,"minecraft:cocoa":1,"minecraft:oak_fence_gate":6,"minecraft:gravel":23,"minecraft:sand":47,"minecraft:dirt":682,"minecraft:oak_button":1,"minecraft:netherrack":53,"minecraft:oak_leaves":79,"minecraft:fern":3,"minecraft:deepslate":124},"minecraft:broken":{"minecraft:golden_hoe":1,"minecraft:iron_pickaxe":1,"minecraft:wooden_axe":1}},"DataVersion":3839}