{"stats":{"minecraft:killed":{"minecraft:spider":8,"minecraft:skeleton":15,"minecraft:silverfish":3,"minecraft:pig":5,"minecraft:zombie_villager":1,"minecraft:creeper":3,"minecraft:sheep":1,"minecraft:zombie":28,"minecraft:cow":5,"minecraft:drowned":3,"minecraft:rabbit":1,"minecraft:bat":2,"minecraft:enderman":1},"minecraft:dropped":{"minecraft:iron_sword":1,"minecraft:birch_planks":11,"minecraft:lapis_lazuli":24,"minecraft:baked_potato":22,"minecraft:diamond":25,"minecraft:dirt":9,"minecraft:snowball":96,"minecraft:iron_pickaxe":1,"minecraft:bone":2,"minecraft:gold_ingot":1,"minecraft:oak_door":6,"minecraft:gravel":1,"minecraft:stone_axe":2,"minecraft:sugar_cane":1,"minecraft:golden_chestplate":1,"minecraft:cobbled_deepslate":12,"minecraft:wheat":4,"minecraft:rotten_flesh":41,"minecraft:oak_planks":2,"minecraft:mossy_stone_brick_slab":3,"minecraft:poppy":1,"minecraft:gunpowder":7,"minecraft:arrow":2,"minecraft:water_bucket":1,"minecraft:wheat_seeds":15,"minecraft:poisonous_potato":3,"minecraft:oak_fence":2,"minecraft:iron_helmet":2,"minecraft:oxeye_daisy":1,"minecraft:diorite":1,"minecraft:torch":2,"minecraft:pumpkin":4,"minecraft:string":2,"minecraft:bucket":2,"minecraft:dandelion":1,"minecraft:redstone":46,"minecraft:furnace":1,"minecraft:cocoa_beans":3,"minecraft:iron_hoe":1,"minecraft:oak_sign":1,"minecraft:flint_and_steel":1,"minecraft:potato":5,"minecraft:shield":1,"minecraft:oak_button":2,"minecraft:iron_chestplate":1,"minecraft:oak_boat":1,"minecraft:oak_sapling":6,"minecraft:bow":1,"minecraft:stone_pickaxe":3,"minecraft:wooden_pickaxe":1},"minecraft:broken":{"minecraft:stone_pickaxe":1,"minecraft:wooden_axe":1,"minecraft:golden_hoe":1,"minecraft:iron_pickaxe":1},"minecraft:killed_by":{"minecraft:player":1,"minecraft:skeleton":1},"minecraft:crafted":{"minecraft:oak_planks":304,"minecraft:barrel":3,"minecraft:oak_sign":12,"minecraft:cobblestone_stairs":50,"minecraft:diamond_shovel":1,"minecraft:cooked_mutton":2,"minecraft:hopper":1,"minecraft:diamond_helmet":1,"minecraft:diamond_leggings":1,"minecraft:iron_boots":1,"minecraft:chest":4,"minecraft:oak_button":8,"minecraft:cooked_rabbit":1,"minecraft:oak_slab":12,"minecraft:emerald":2,"minecraft:cooked_porkchop":6,"minecraft:crafting_table":6,"minecraft:iron_helmet":1,"minecraft:wooden_pickaxe":2,"minecraft:baked_potato":123,"minecraft:birch_planks":20,"minecraft:iron_chestplate":1,"minecraft:book":5,"minecraft:wooden_hoe":1,"minecraft:paper":69,"minecraft:diamond_pickaxe":1,"minecraft:shield":2,"minecraft:stick":80,"minecraft:iron_ingot":78,"minecraft:iron_pickaxe":2,"minecraft:stone_sword":2,"minecraft:gold_ingot":16,"minecraft:shears":1,"minecraft:wooden_sword":1,"minecraft:oak_door":6,"minecraft:furnace":7,"minecraft:bone_meal":8,"minecraft:flint_and_steel":3,"minecraft:iron_axe":1,"minecraft:iron_hoe":1,"minecraft:stone_pickaxe":3,"minecraft:dark_oak_planks":8,"minecraft:cooked_beef":1,"minecraft:sugar":5,"minecraft:enchanting_table":1,"minecraft:iron_sword":1,"minecraft:bucket":1,"minecraft:stone_axe":1,"minecraft:air":0,"minecraft:oak_boat":3,"minecraft:white_wool":7,"minecraft:wooden_axe":2,"minecraft:white_bed":6,"minecraft:diamond_chestplate":1},"minecraft:picked_up":{"minecraft:iron_chestplate":1,"minecraft:wheat":50,"minecraft:oak_stairs":17,"minecraft:string":13,"minecraft:oak_sign":24,"minecraft:cobbled_deepslate":144,"minecraft:bucket":2,"minecraft:melon_slice":34,"minecraft:furnace":4,"minecraft:stick":138,"minecraft:oak_fence":59,"minecraft:torch":34,"minecraft:porkchop":6,"minecraft:diorite":24,"minecraft:rotten_flesh":62,"minecraft:obsidian":24,"minecraft:snowball":219,"minecraft:cobblestone":299,"minecraft:birch_log":5,"minecraft:magma_block":15,"minecraft:cooked_beef":7,"minecraft:jungle_log":1,"minecraft:water_bucket":1,"minecraft:andesite":9,"minecraft:potato":444,"minecraft:flint":3,"minecraft:tuff":23,"minecraft:lapis_lazuli":24,"minecraft:dirt":1166,"minecraft:bone":13,"minecraft:bow":4,"minecraft:wheat_seeds":196,"minecraft:raw_gold":16,"minecraft:rabbit":1,"minecraft:bamboo":6,"minecraft:oak_planks":22,"minecraft:poisonous_potato":5,"minecraft:sand":48,"minecraft:dark_oak_log":2,"minecraft:barrel":4,"minecraft:iron_hoe":1,"minecraft:diamond":53,"minecraft:bread":3,"minecraft:emerald":6,"minecraft:oak_sapling":31,"minecraft:netherrack":54,"minecraft:cocoa_beans":3,"minecraft:crafting_table":8,"minecraft:wooden_pickaxe":1,"minecraft:flint_and_steel":1,"minecraft:beef":8,"minecraft:oak_boat":7,"minecraft:poppy":1,"minecraft:sugar_cane":243,"minecraft:chest":1,"minecraft:raw_iron":105,"minecraft:oak_door":9,"minecraft:redstone":46,"minecraft:arrow":11,"minecraft:saddle":1,"minecraft:gold_ingot":1,"minecraft:mutton":2,"minecraft:white_wool":14,"minecraft:oxeye_daisy":1,"minecraft:leather":7,"minecraft:birch_planks":19,"minecraft:oak_log":76,"minecraft:gunpowder":15,"minecraft:cobblestone_stairs":2,"minecraft:apple":2,"minecraft:rabbit_hide":1,"minecraft:oak_fence_gate":6,"minecraft:iron_ingot":6,"minecraft:stone_pickaxe":1,"minecraft:stripped_oak_wood":1,"minecraft:iron_sword":1,"minecraft:pumpkin":12,"minecraft:dandelion":2,"minecraft:gravel":22,"minecraft:white_bed":3,"minecraft:mossy_stone_brick_slab":3,"minecraft:spider_eye":4,"minecraft:stone_axe":2,"minecraft:iron_helmet":1,"minecraft:gray_wool":4,"minecraft:oak_button":8,"minecraft:baked_potato":18,"minecraft:black_wool":3,"minecraft:coal":80,"minecraft:hopper":2,"minecraft:ender_pearl":1},"minecraft:used":{"minecraft:oak_sign":35,"minecraft:chest":4,"minecraft:shield":97,"minecraft:iron_sword":265,"minecraft:iron_chestplate":2,"minecraft:tuff":20,"minecraft:snowball":7,"minecraft:obsidian":18,"minecraft:lava_bucket":6,"minecraft:magma_block":7,"minecraft:oak_sapling":17,"minecraft:furnace":10,"minecraft:potato":212,"minecraft:diorite":23,"minecraft:stone_pickaxe":215,"minecraft:oak_planks":71,"minecraft:wooden_pickaxe":10,"minecraft:sugar_cane":53,"minecraft:golden_hoe":63,"minecraft:sand":32,"minecraft:melon_slice":34,"minecraft:bread":3,"minecraft:gravel":17,"minecraft:wooden_sword":10,"minecraft:cooked_rabbit":1,"minecraft:oak_boat":7,"minecraft:bone_meal":9,"minecraft:oak_fence":41,"minecraft:stone_sword":117,"minecraft:flint_and_steel":2,"minecraft:netherrack":37,"minecraft:oak_door":8,"minecraft:torch":16,"minecraft:dirt":1107,"minecraft:hopper":3,"minecraft:golden_chestplate":1,"minecraft:oak_fence_gate":3,"minecraft:iron_hoe":80,"minecraft:wooden_axe":41,"minecraft:iron_axe":184,"minecraft:oak_stairs":16,"minecraft:iron_boots":1,"minecraft:barrel":7,"minecraft:diamond_chestplate":1,"minecraft:cooked_beef":7,"minecraft:cobbled_deepslate":97,"minecraft:pumpkin":8,"minecraft:wheat_seeds":90,"minecraft:cooked_mutton":2,"minecraft:water_bucket":145,"minecraft:cobblestone_stairs":45,"minecraft:birch_planks":14,"minecraft:baked_potato":34,"minecraft:rail":2,"minecraft:oak_slab":3,"minecraft:crafting_table":13,"minecraft:white_bed":9,"minecraft:wooden_hoe":1,"minecraft:diamond_pickaxe":275,"minecraft:apple":1,"minecraft:diamond_shovel":1079,"minecraft:oak_button":13,"minecraft:iron_pickaxe":433,"minecraft:stone_axe":96,"minecraft:cobblestone":184,"minecraft:cooked_porkchop":2,"minecraft:bucket":153,"minecraft:diamond_leggings":1},"minecraft:mined":{"minecraft:white_bed":3,"minecraft:oak_sapling":7,"minecraft:farmland":5,"minecraft:cobblestone_stairs":2,"minecraft:jungle_leaves":1,"minecraft:obsidian":24,"minecraft:grass_block":443,"minecraft:jungle_log":1,"minecraft:hopper":2,"minecraft:oak_wall_sign":21,"minecraft:oxeye_daisy":1,"minecraft:magma_block":17,"minecraft:cobbled_deepslate":22,"minecraft:iron_ore":78,"minecraft:barrel":4,"minecraft:fire":2,"minecraft:pumpkin":9,"minecraft:deepslate_lapis_ore":4,"minecraft:oak_sign":2,"minecraft:dirt_path":86,"minecraft:oak_stairs":17,"minecraft:player_head":2,"minecraft:deepslate_redstone_ore":11,"minecraft:torch":3,"minecraft:poppy":1,"minecraft:melon":8,"minecraft:chest":1,"minecraft:dead_bush":137,"minecraft:cobblestone":8,"minecraft:sugar_cane":137,"minecraft:oak_planks":22,"minecraft:wall_torch":19,"minecraft:birch_log":5,"minecraft:wheat":65,"minecraft:stripped_oak_wood":1,"minecraft:oak_log":77,"minecraft:oak_fence_gate":6,"minecraft:sand":48,"minecraft:dirt":695,"minecraft:netherrack":53,"minecraft:oak_leaves":152,"minecraft:deepslate":124,"minecraft:tuff":26,"minecraft:deepslate_diamond_ore":33,"minecraft:oak_door":9,"minecraft:dark_oak_log":2,"minecraft:dark_oak_fence":2,"minecraft:furnace":4,"minecraft:snow":1,"minecraft:andesite":9,"minecraft:potatoes":157,"minecraft:deepslate_iron_ore":27,"minecraft:vine":4,"minecraft:stone":342,"minecraft:white_wool":1,"minecraft:snow_block":34,"minecraft:oak_fence":57,"minecraft:crafting_table":9,"minecraft:short_grass":190,"minecraft:emerald_ore":6,"minecraft:tall_grass":27,"minecraft:deepslate_gold_ore":17,"minecraft:diorite":31,"minecraft:birch_planks":8,"minecraft:birch_leaves":1,"minecraft:coal_ore":75,"minecraft:cocoa":1,"minecraft:gravel":28,"minecraft:oak_button":2,"minecraft:fern":3,"minecraft:infested_stone":3},"minecraft:custom":{"minecraft:animals_bred":4,"minecraft:interact_with_crafting_table":91,"minecraft:open_barrel":3,"minecraft:leave_game":13,"minecraft:time_since_death":252413,"minecraft:sprint_one_cm":350941,"minecraft:damage_blocked_by_shield":2711,"minecraft:drop":95,"minecraft:talked_to_villager":5,"minecraft:play_time":452538,"minecraft:deaths":4,"minecraft:jump":4603,"minecraft:walk_on_water_one_cm":61102,"minecraft:interact_with_furnace":100,"minecraft:traded_with_villager":2,"minecraft:sleep_in_bed":12,"minecraft:damage_dealt":14348,"minecraft:player_kills":1,"minecraft:crouch_one_cm":87020,"minecraft:horse_one_cm":1168129,"minecraft:mob_kills":77,"minecraft:inspect_hopper":3,"minecraft:climb_one_cm":5488,"minecraft:walk_one_cm":1967832,"minecraft:sneak_time":31656,"minecraft:walk_under_water_one_cm":65361,"minecraft:boat_one_cm":508718,"minecraft:interact_with_blast_furnace":2,"minecraft:total_world_time":452538,"minecraft:time_since_rest":48127,"minecraft:damage_taken":4425,"minecraft:swim_one_cm":49000,"minecraft:fly_one_cm":221091,"minecraft:open_chest":120,"minecraft:fall_one_cm":65400}},"DataVersion":3839}