{"stats":{"minecraft:killed_by":{"minecraft:player":1,"minecraft:skeleton":1},"minecraft:mined":{"minecraft:tuff":26,"minecraft:white_bed":2,"minecraft:farmland":5,"minecraft:deepslate_diamond_ore":33,"minecraft:oak_door":7,"minecraft:dark_oak_log":2,"minecraft:jungle_leaves":1,"minecraft:obsidian":20,"minecraft:dark_oak_fence":2,"minecraft:grass_block":124,"minecraft:jungle_log":1,"minecraft:magma_block":17,"minecraft:furnace":4,"minecraft:cobbled_deepslate":19,"minecraft:iron_ore":18,"minecraft:fire":2,"minecraft:andesite":6,"minecraft:pumpkin":9,"minecraft:deepslate_lapis_ore":4,"minecraft:dirt_path":2,"minecraft:potatoes":59,"minecraft:deepslate_iron_ore":27,"minecraft:vine":4,"minecraft:stone":105,"minecraft:player_head":2,"minecraft:white_wool":1,"minecraft:deepslate_redstone_ore":11,"minecraft:oak_fence":5,"minecraft:crafting_table":8,"minecraft:torch":1,"minecraft:short_grass":156,"minecraft:melon":8,"minecraft:dead_bush":137,"minecraft:cobblestone":1,"minecraft:tall_grass":27,"minecraft:deepslate_gold_ore":17,"minecraft:sugar_cane":41,"minecraft:oak_planks":4,"minecraft:diorite":28,"minecraft:wall_torch":19,"minecraft:birch_planks":5,"minecraft:birch_log":5,"minecraft:wheat":3,"minecraft:birch_leaves":1,"minecraft:coal_ore":19,"minecraft:oak_log":45,"minecraft:cocoa":1,"minecraft:sand":47,"minecraft:dirt":113,"minecraft:gravel":23,"minecraft:oak_button":1,"minecraft:netherrack":52,"minecraft:oak_leaves":28,"minecraft:deepslate":124,"minecraft:fern":3},"minecraft:broken":{"minecraft:golden_hoe":1,"minecraft:wooden_axe":1},"minecraft:custom":{"minecraft:mob_kills":49,"minecraft:interact_with_crafting_table":65,"minecraft:leave_game":2,"minecraft:time_since_death":69043,"minecraft:climb_one_cm":4565,"minecraft:sprint_one_cm":128747,"minecraft:walk_one_cm":1183565,"minecraft:damage_blocked_by_shield":1501,"minecraft:drop":74,"minecraft:talked_to_villager":4,"minecraft:sneak_time":14549,"minecraft:play_time":269168,"minecraft:deaths":4,"minecraft:walk_under_water_one_cm":50639,"minecraft:boat_one_cm":508718,"minecraft:jump":3149,"minecraft:interact_with_blast_furnace":2,"minecraft:walk_on_water_one_cm":49061,"minecraft:total_world_time":269168,"minecraft:interact_with_furnace":75,"minecraft:traded_with_villager":2,"minecraft:sleep_in_bed":6,"minecraft:time_since_rest":40109,"minecraft:damage_taken":3245,"minecraft:damage_dealt":9682,"minecraft:player_kills":1,"minecraft:fly_one_cm":111947,"minecraft:swim_one_cm":39504,"minecraft:open_chest":56,"minecraft:crouch_one_cm":28051,"minecraft:fall_one_cm":41637,"minecraft:horse_one_cm":497959},"minecraft:dropped":{"minecraft:water_bucket":1,"minecraft:iron_sword":1,"minecraft:birch_planks":11,"minecraft:wheat_seeds":14,"minecraft:lapis_lazuli":24,"minecraft:baked_potato":20,"minecraft:diamond":25,"minecraft:poisonous_potato":3,"minecraft:oak_fence":2,"minecraft:iron_helmet":1,"minecraft:dirt":9,"minecraft:diorite":1,"minecraft:torch":2,"minecraft:pumpkin":4,"minecraft:iron_pickaxe":1,"minecraft:string":2,"minecraft:bucket":2,"minecraft:gold_ingot":1,"minecraft:bone":2,"minecraft:redstone":46,"minecraft:oak_door":6,"minecraft:gravel":1,"minecraft:furnace":1,"minecraft:stone_axe":2,"minecraft:cobbled_deepslate":12,"minecraft:cocoa_beans":3,"minecraft:wheat":4,"minecraft:rotten_flesh":26,"minecraft:oak_planks":2,"minecraft:mossy_stone_brick_slab":3,"minecraft:potato":5,"minecraft:shield":1,"minecraft:gunpowder":7,"minecraft:oak_button":2,"minecraft:iron_chestplate":1,"minecraft:oak_sapling":6,"minecraft:bow":1,"minecraft:arrow":2,"minecraft:stone_pickaxe":3,"minecraft:wooden_pickaxe":1},"minecraft:killed":{"minecraft:spider":6,"minecraft:skeleton":9,"minecraft:drowned":3,"minecraft:pig":1,"minecraft:rabbit":1,"minecraft:bat":2,"minecraft:creeper":3,"minecraft:sheep":1,"minecraft:zombie":17,"minecraft:enderman":1,"minecraft:cow":4},"minecraft:used":{"minecraft:oak_fence":5,"minecraft:stone_sword":117,"minecraft:flint_and_steel":2,"minecraft:chest":1,"minecraft:shield":48,"minecraft:iron_sword":147,"minecraft:netherrack":34,"minecraft:iron_chestplate":2,"minecraft:oak_door":8,"minecraft:torch":16,"minecraft:dirt":238,"minecraft:golden_chestplate":1,"minecraft:tuff":20,"minecraft:obsidian":14,"minecraft:iron_hoe":48,"minecraft:wooden_axe":41,"minecraft:iron_axe":5,"minecraft:iron_boots":1,"minecraft:diamond_chestplate":1,"minecraft:magma_block":7,"minecraft:furnace":8,"minecraft:potato":104,"minecraft:cobbled_deepslate":97,"minecraft:pumpkin":8,"minecraft:wheat_seeds":19,"minecraft:water_bucket":92,"minecraft:diorite":23,"minecraft:birch_planks":14,"minecraft:stone_pickaxe":84,"minecraft:baked_potato":22,"minecraft:oak_planks":65,"minecraft:wooden_pickaxe":10,"minecraft:sugar_cane":21,"minecraft:golden_hoe":63,"minecraft:sand":20,"minecraft:rail":2,"minecraft:crafting_table":11,"minecraft:white_bed":2,"minecraft:wooden_hoe":1,"minecraft:diamond_shovel":194,"minecraft:diamond_pickaxe":93,"minecraft:melon_slice":34,"minecraft:bread":3,"minecraft:oak_button":1,"minecraft:iron_pickaxe":355,"minecraft:gravel":17,"minecraft:stone_axe":96,"minecraft:wooden_sword":10,"minecraft:cobblestone":51,"minecraft:cooked_porkchop":2,"minecraft:cooked_rabbit":1,"minecraft:bucket":93,"minecraft:oak_boat":7,"minecraft:bone_meal":9,"minecraft:diamond_leggings":1},"minecraft:crafted":{"minecraft:wooden_sword":1,"minecraft:oak_door":6,"minecraft:oak_planks":156,"minecraft:furnace":5,"minecraft:bone_meal":8,"minecraft:diamond_shovel":1,"minecraft:flint_and_steel":3,"minecraft:diamond_helmet":1,"minecraft:diamond_leggings":1,"minecraft:iron_boots":1,"minecraft:iron_axe":1,"minecraft:iron_hoe":1,"minecraft:stone_pickaxe":2,"minecraft:chest":1,"minecraft:oak_button":1,"minecraft:dark_oak_planks":8,"minecraft:cooked_rabbit":1,"minecraft:cooked_beef":1,"minecraft:sugar":5,"minecraft:emerald":2,"minecraft:cooked_porkchop":2,"minecraft:crafting_table":5,"minecraft:enchanting_table":1,"minecraft:iron_helmet":1,"minecraft:wooden_pickaxe":2,"minecraft:baked_potato":30,"minecraft:iron_sword":1,"minecraft:bucket":1,"minecraft:birch_planks":20,"minecraft:stone_axe":1,"minecraft:air":0,"minecraft:oak_boat":2,"minecraft:book":3,"minecraft:paper":9,"minecraft:wooden_hoe":1,"minecraft:white_wool":3,"minecraft:iron_chestplate":1,"minecraft:diamond_pickaxe":1,"minecraft:shield":2,"minecraft:stick":56,"minecraft:iron_ingot":44,"minecraft:iron_pickaxe":2,"minecraft:wooden_axe":2,"minecraft:stone_sword":2,"minecraft:gold_ingot":16,"minecraft:white_bed":1,"minecraft:diamond_chestplate":1},"minecraft:picked_up":{"minecraft:cocoa_beans":3,"minecraft:iron_chestplate":1,"minecraft:crafting_table":7,"minecraft:wheat":1,"minecraft:wooden_pickaxe":1,"minecraft:string":12,"minecraft:cobbled_deepslate":144,"minecraft:bucket":2,"minecraft:beef":8,"minecraft:oak_boat":6,"minecraft:melon_slice":34,"minecraft:sugar_cane":38,"minecraft:furnace":4,"minecraft:raw_iron":45,"minecraft:stick":132,"minecraft:oak_door":8,"minecraft:oak_fence":7,"minecraft:torch":27,"minecraft:porkchop":2,"minecraft:diorite":24,"minecraft:redstone":46,"minecraft:rotten_flesh":31,"minecraft:arrow":7,"minecraft:saddle":1,"minecraft:gold_ingot":1,"minecraft:obsidian":20,"minecraft:mutton":2,"minecraft:white_wool":2,"minecraft:cobblestone":69,"minecraft:birch_log":5,"minecraft:magma_block":15,"minecraft:cooked_beef":7,"minecraft:water_bucket":1,"minecraft:jungle_log":1,"minecraft:leather":5,"minecraft:potato":119,"minecraft:birch_planks":16,"minecraft:flint":3,"minecraft:tuff":23,"minecraft:oak_log":44,"minecraft:gunpowder":15,"minecraft:lapis_lazuli":24,"minecraft:dirt":264,"minecraft:bone":10,"minecraft:bow":3,"minecraft:wheat_seeds":33,"minecraft:raw_gold":16,"minecraft:rabbit_hide":1,"minecraft:iron_ingot":1,"minecraft:stone_pickaxe":1,"minecraft:rabbit":1,"minecraft:bamboo":6,"minecraft:iron_sword":1,"minecraft:oak_planks":6,"minecraft:pumpkin":12,"minecraft:sand":47,"minecraft:poisonous_potato":3,"minecraft:gravel":18,"minecraft:white_bed":1,"minecraft:dark_oak_log":2,"minecraft:mossy_stone_brick_slab":3,"minecraft:spider_eye":3,"minecraft:diamond":53,"minecraft:stone_axe":2,"minecraft:iron_helmet":1,"minecraft:netherrack":53,"minecraft:bread":3,"minecraft:oak_button":2,"minecraft:baked_potato":18,"minecraft:oak_sapling":2,"minecraft:coal":25,"minecraft:ender_pearl":1}},"DataVersion":3839}