{"stats":{"minecraft:killed_by":{"minecraft:skeleton":1},"minecraft:mined":{"minecraft:kelp_plant":1,"minecraft:orange_terracotta":4,"minecraft:crafting_table":3,"minecraft:torch":1,"minecraft:short_grass":6,"minecraft:red_sand":1,"minecraft:grass_block":1,"minecraft:melon":4,"minecraft:dead_bush":90,"minecraft:sugar_cane":18,"minecraft:oak_planks":39,"minecraft:wall_torch":8,"minecraft:seagrass":1,"minecraft:cactus":1,"minecraft:cobbled_deepslate":4,"minecraft:wheat":1,"minecraft:oak_log":26,"minecraft:coal_ore":5,"minecraft:terracotta":13,"minecraft:stone":1,"minecraft:player_head":2,"minecraft:oak_leaves":7,"minecraft:fern":1},"minecraft:dropped":{"minecraft:apple":1,"minecraft:dirt":1,"minecraft:torch":3,"minecraft:wooden_axe":2,"minecraft:melon_slice":5,"minecraft:wooden_sword":1},"minecraft:custom":{"minecraft:mob_kills":8,"minecraft:interact_with_crafting_table":6,"minecraft:leave_game":3,"minecraft:time_since_death":24516,"minecraft:sleep_in_bed":2,"minecraft:climb_one_cm":3241,"minecraft:time_since_rest":1,"minecraft:sprint_one_cm":7802,"minecraft:damage_taken":1032,"minecraft:walk_one_cm":284030,"minecraft:drop":13,"minecraft:damage_dealt":450,"minecraft:swim_one_cm":14208,"minecraft:fly_one_cm":7108,"minecraft:open_chest":1,"minecraft:play_time":201548,"minecraft:deaths":2,"minecraft:sneak_time":268,"minecraft:walk_under_water_one_cm":47671,"minecraft:boat_one_cm":92824,"minecraft:jump":1278,"minecraft:walk_on_water_one_cm":35527,"minecraft:total_world_time":201548,"minecraft:fall_one_cm":25318},"minecraft:killed":{"minecraft:salmon":5,"minecraft:squid":1,"minecraft:zombie":1,"minecraft:chicken":1},"minecraft:used":{"minecraft:wheat_seeds":4,"minecraft:baked_potato":2,"minecraft:oak_planks":81,"minecraft:wooden_pickaxe":32,"minecraft:salmon":4,"minecraft:torch":15,"minecraft:crafting_table":2,"minecraft:wooden_axe":84,"minecraft:melon_slice":16,"minecraft:chicken":1,"minecraft:bread":2,"minecraft:wooden_sword":35,"minecraft:oak_boat":3},"minecraft:crafted":{"minecraft:wooden_sword":1,"minecraft:oak_planks":104,"minecraft:crafting_table":1,"minecraft:wooden_pickaxe":1,"minecraft:bread":2,"minecraft:oak_boat":1,"minecraft:wooden_axe":1,"minecraft:torch":20},"minecraft:picked_up":{"minecraft:wooden_axe":2,"minecraft:crafting_table":3,"minecraft:iron_chestplate":1,"minecraft:wheat":6,"minecraft:chicken":1,"minecraft:salmon":4,"minecraft:andesite":6,"minecraft:oak_log":26,"minecraft:dirt":1,"minecraft:wooden_sword":1,"minecraft:orange_terracotta":4,"minecraft:apple":1,"minecraft:kelp":2,"minecraft:wheat_seeds":6,"minecraft:red_sand":1,"minecraft:cobbled_deepslate":2,"minecraft:raw_gold":1,"minecraft:oak_boat":2,"minecraft:melon_slice":21,"minecraft:sugar_cane":33,"minecraft:oak_planks":36,"minecraft:stick":74,"minecraft:raw_iron":1,"minecraft:oak_door":1,"minecraft:torch":11,"minecraft:diorite":4,"minecraft:cactus":1,"minecraft:baked_potato":2,"minecraft:terracotta":13,"minecraft:oak_sapling":3,"minecraft:coal":7,"minecraft:cobblestone":33}},"DataVersion":3839}