{"stats":{"minecraft:killed":{"minecraft:pig":1,"minecraft:salmon":5,"minecraft:squid":1,"minecraft:skeleton":1,"minecraft:goat":1,"minecraft:zombie":1,"minecraft:chicken":1,"minecraft:cow":2},"minecraft:used":{"minecraft:wheat_seeds":20,"minecraft:stone_sword":5,"minecraft:stone_shovel":200,"minecraft:stone_pickaxe":57,"minecraft:oak_planks":103,"minecraft:baked_potato":10,"minecraft:wooden_pickaxe":64,"minecraft:sugar_cane":1,"minecraft:stone_hoe":10,"minecraft:salmon":4,"minecraft:torch":38,"minecraft:dirt":1,"minecraft:crafting_table":5,"minecraft:wooden_axe":86,"minecraft:bread":3,"minecraft:chicken":1,"minecraft:melon_slice":16,"minecraft:stone_axe":2,"minecraft:wooden_sword":128,"minecraft:beef":3,"minecraft:cooked_porkchop":1,"minecraft:porkchop":1,"minecraft:oak_boat":3,"minecraft:cooked_beef":2},"minecraft:killed_by":{"minecraft:player":2,"minecraft:skeleton":1},"minecraft:custom":{"minecraft:interact_with_furnace":9,"minecraft:mob_kills":13,"minecraft:interact_with_crafting_table":16,"minecraft:leave_game":4,"minecraft:time_since_death":77571,"minecraft:sleep_in_bed":11,"minecraft:climb_one_cm":4659,"minecraft:time_since_rest":12804,"minecraft:sprint_one_cm":85953,"minecraft:damage_taken":2172,"minecraft:walk_one_cm":583974,"minecraft:drop":93,"minecraft:damage_dealt":1432,"minecraft:swim_one_cm":26787,"minecraft:talked_to_villager":1,"minecraft:fly_one_cm":32079,"minecraft:open_chest":8,"minecraft:play_time":288294,"minecraft:deaths":4,"minecraft:sneak_time":274,"minecraft:walk_under_water_one_cm":48185,"minecraft:boat_one_cm":92824,"minecraft:jump":2523,"minecraft:walk_on_water_one_cm":44817,"minecraft:total_world_time":288294,"minecraft:fall_one_cm":48614,"minecraft:horse_one_cm":240748},"minecraft:picked_up":{"minecraft:wooden_axe":2,"minecraft:iron_chestplate":1,"minecraft:crafting_table":6,"minecraft:wheat":10,"minecraft:chicken":1,"minecraft:andesite":6,"minecraft:salmon":4,"minecraft:leather":1,"minecraft:potato":2,"minecraft:oak_log":26,"minecraft:cornflower":1,"minecraft:dirt":187,"minecraft:wooden_sword":1,"minecraft:orange_terracotta":4,"minecraft:apple":1,"minecraft:kelp":2,"minecraft:wheat_seeds":73,"minecraft:red_sand":2,"minecraft:cobbled_deepslate":2,"minecraft:raw_gold":1,"minecraft:beef":5,"minecraft:oak_boat":2,"minecraft:sugar_cane":67,"minecraft:melon_slice":21,"minecraft:oak_planks":44,"minecraft:stick":77,"minecraft:raw_iron":1,"minecraft:cooked_porkchop":1,"minecraft:oak_door":2,"minecraft:torch":22,"minecraft:dandelion":9,"minecraft:porkchop":2,"minecraft:diorite":4,"minecraft:golden_chestplate":1,"minecraft:cactus":1,"minecraft:arrow":2,"minecraft:rotten_flesh":1,"minecraft:iron_helmet":1,"minecraft:baked_potato":4,"minecraft:terracotta":13,"minecraft:oak_sapling":10,"minecraft:snowball":4,"minecraft:coal":58,"minecraft:oxeye_daisy":1,"minecraft:cobblestone":61},"minecraft:dropped":{"minecraft:kelp":2,"minecraft:sugar_cane":66,"minecraft:cooked_porkchop":1,"minecraft:oak_planks":5,"minecraft:apple":1,"minecraft:oxeye_daisy":1,"minecraft:dirt":1,"minecraft:torch":3,"minecraft:wooden_axe":2,"minecraft:melon_slice":5,"minecraft:wooden_sword":1,"minecraft:red_sand":2,"minecraft:cactus":1,"minecraft:dandelion":3},"minecraft:crafted":{"minecraft:cooked_beef":2,"minecraft:wooden_sword":1,"minecraft:oak_planks":104,"minecraft:stone_shovel":4,"minecraft:cooked_porkchop":1,"minecraft:crafting_table":1,"minecraft:wooden_pickaxe":1,"minecraft:baked_potato":6,"minecraft:stone_axe":1,"minecraft:bread":3,"minecraft:oak_boat":1,"minecraft:stone_pickaxe":2,"minecraft:wooden_axe":1,"minecraft:stone_sword":1,"minecraft:torch":80,"minecraft:stone_hoe":1},"minecraft:mined":{"minecraft:kelp_plant":1,"minecraft:snow_block":3,"minecraft:orange_terracotta":4,"minecraft:dandelion":2,"minecraft:crafting_table":6,"minecraft:cornflower":1,"minecraft:torch":8,"minecraft:short_grass":421,"minecraft:red_sand":1,"minecraft:grass_block":107,"minecraft:melon":4,"minecraft:dead_bush":90,"minecraft:tall_grass":76,"minecraft:cobblestone":2,"minecraft:sugar_cane":18,"minecraft:oak_planks":43,"minecraft:oxeye_daisy":1,"minecraft:wall_torch":12,"minecraft:seagrass":1,"minecraft:cactus":1,"minecraft:cobbled_deepslate":4,"minecraft:wheat":1,"minecraft:coal_ore":56,"minecraft:oak_log":26,"minecraft:dirt_path":39,"minecraft:dirt":41,"minecraft:terracotta":13,"minecraft:stone":27,"minecraft:player_head":3,"minecraft:oak_leaves":19,"minecraft:fern":1},"minecraft:broken":{"minecraft:wooden_sword":1,"minecraft:wooden_axe":1,"minecraft:stone_shovel":1,"minecraft:wooden_pickaxe":1}},"DataVersion":3839}