{"stats":{"minecraft:killed":{"minecraft:pig":1,"minecraft:salmon":5,"minecraft:squid":1,"minecraft:skeleton":1,"minecraft:goat":1,"minecraft:zombie":1,"minecraft:chicken":1,"minecraft:cow":2},"minecraft:dropped":{"minecraft:kelp":2,"minecraft:sugar_cane":66,"minecraft:cooked_porkchop":1,"minecraft:rotten_flesh":1,"minecraft:oak_planks":5,"minecraft:apple":1,"minecraft:oxeye_daisy":1,"minecraft:dirt":42,"minecraft:torch":3,"minecraft:wooden_axe":2,"minecraft:andesite":8,"minecraft:melon_slice":5,"minecraft:wooden_sword":1,"minecraft:red_sand":2,"minecraft:cactus":1,"minecraft:terracotta":7,"minecraft:dandelion":3},"minecraft:broken":{"minecraft:stone_pickaxe":3,"minecraft:wooden_sword":1,"minecraft:wooden_axe":1,"minecraft:stone_shovel":2,"minecraft:wooden_pickaxe":1},"minecraft:killed_by":{"minecraft:player":2,"minecraft:skeleton":1},"minecraft:crafted":{"minecraft:cooked_beef":2,"minecraft:wooden_sword":1,"minecraft:oak_planks":104,"minecraft:stone_shovel":4,"minecraft:cooked_porkchop":1,"minecraft:crafting_table":1,"minecraft:wooden_pickaxe":1,"minecraft:baked_potato":6,"minecraft:stone_axe":1,"minecraft:bread":3,"minecraft:oak_boat":1,"minecraft:stone_pickaxe":7,"minecraft:wooden_axe":1,"minecraft:stone_sword":1,"minecraft:chest":2,"minecraft:torch":80,"minecraft:stone_hoe":1},"minecraft:picked_up":{"minecraft:wooden_axe":2,"minecraft:crafting_table":6,"minecraft:iron_chestplate":1,"minecraft:wheat":10,"minecraft:chicken":1,"minecraft:salmon":4,"minecraft:andesite":16,"minecraft:leather":1,"minecraft:potato":5,"minecraft:oak_log":26,"minecraft:cornflower":1,"minecraft:dirt":388,"minecraft:wooden_sword":1,"minecraft:orange_terracotta":4,"minecraft:apple":1,"minecraft:kelp":2,"minecraft:wheat_seeds":76,"minecraft:red_sand":2,"minecraft:cobbled_deepslate":2,"minecraft:raw_gold":1,"minecraft:beef":5,"minecraft:oak_boat":2,"minecraft:sugar_cane":67,"minecraft:melon_slice":21,"minecraft:oak_planks":44,"minecraft:stick":77,"minecraft:raw_iron":1,"minecraft:cooked_porkchop":1,"minecraft:oak_door":2,"minecraft:torch":25,"minecraft:dandelion":9,"minecraft:porkchop":2,"minecraft:sand":1,"minecraft:diorite":4,"minecraft:golden_chestplate":1,"minecraft:cactus":1,"minecraft:arrow":2,"minecraft:rotten_flesh":2,"minecraft:iron_helmet":1,"minecraft:baked_potato":12,"minecraft:terracotta":20,"minecraft:oak_sapling":10,"minecraft:coal":80,"minecraft:snowball":4,"minecraft:cobblestone":473,"minecraft:oxeye_daisy":1},"minecraft:mined":{"minecraft:kelp_plant":1,"minecraft:snow_block":3,"minecraft:orange_terracotta":4,"minecraft:dandelion":2,"minecraft:crafting_table":6,"minecraft:cornflower":1,"minecraft:torch":10,"minecraft:short_grass":428,"minecraft:red_sand":1,"minecraft:grass_block":140,"minecraft:melon":4,"minecraft:dead_bush":90,"minecraft:tall_grass":77,"minecraft:cobblestone":2,"minecraft:sugar_cane":18,"minecraft:oak_planks":43,"minecraft:oxeye_daisy":1,"minecraft:wall_torch":13,"minecraft:seagrass":1,"minecraft:cactus":1,"minecraft:wheat":1,"minecraft:cobbled_deepslate":4,"minecraft:andesite":8,"minecraft:coal_ore":78,"minecraft:oak_log":26,"minecraft:dirt_path":42,"minecraft:sand":1,"minecraft:dirt":139,"minecraft:terracotta":13,"minecraft:stone":446,"minecraft:player_head":3,"minecraft:oak_leaves":19,"minecraft:fern":1},"minecraft:used":{"minecraft:wheat_seeds":20,"minecraft:stone_sword":5,"minecraft:stone_shovel":349,"minecraft:stone_pickaxe":509,"minecraft:oak_planks":103,"minecraft:baked_potato":17,"minecraft:chest":2,"minecraft:wooden_pickaxe":64,"minecraft:sugar_cane":1,"minecraft:stone_hoe":10,"minecraft:salmon":4,"minecraft:torch":46,"minecraft:dirt":90,"minecraft:crafting_table":6,"minecraft:wooden_axe":86,"minecraft:bread":3,"minecraft:chicken":1,"minecraft:melon_slice":16,"minecraft:stone_axe":2,"minecraft:wooden_sword":128,"minecraft:cobblestone":2,"minecraft:beef":3,"minecraft:cooked_porkchop":1,"minecraft:porkchop":1,"minecraft:oak_boat":3,"minecraft:cooked_beef":2},"minecraft:custom":{"minecraft:interact_with_furnace":10,"minecraft:mob_kills":13,"minecraft:interact_with_crafting_table":18,"minecraft:leave_game":6,"minecraft:time_since_death":121054,"minecraft:sleep_in_bed":12,"minecraft:climb_one_cm":4659,"minecraft:time_since_rest":8097,"minecraft:sprint_one_cm":96189,"minecraft:damage_taken":2521,"minecraft:walk_one_cm":735044,"minecraft:drop":99,"minecraft:damage_dealt":1505,"minecraft:swim_one_cm":31119,"minecraft:talked_to_villager":1,"minecraft:fly_one_cm":35025,"minecraft:open_chest":11,"minecraft:play_time":331777,"minecraft:deaths":4,"minecraft:sneak_time":274,"minecraft:walk_under_water_one_cm":49624,"minecraft:boat_one_cm":92824,"minecraft:jump":2855,"minecraft:walk_on_water_one_cm":47960,"minecraft:total_world_time":331777,"minecraft:fall_one_cm":54078,"minecraft:horse_one_cm":240748}},"DataVersion":3839}