{"stats":{"minecraft:killed":{"minecraft:witch":1,"minecraft:spider":18,"minecraft:cod":3,"minecraft:slime":1,"minecraft:phantom":2,"minecraft:skeleton":23,"minecraft:chicken":8,"minecraft:pig":6,"minecraft:rabbit":1,"minecraft:iron_golem":4,"minecraft:bat":1,"minecraft:creeper":5,"minecraft:sheep":4,"minecraft:zombie":56,"minecraft:stray":5,"minecraft:villager":2,"minecraft:enderman":3,"minecraft:cow":19},"minecraft:dropped":{"minecraft:brown_mushroom":3,"minecraft:wheat_seeds":15,"minecraft:lapis_lazuli":5,"minecraft:feather":8,"minecraft:poisonous_potato":2,"minecraft:iron_helmet":1,"minecraft:cobblestone":152,"minecraft:granite":24,"minecraft:rail":1,"minecraft:coal":4,"minecraft:stick":3,"minecraft:dirt":111,"minecraft:diorite":22,"minecraft:torch":1,"minecraft:rabbit":1,"minecraft:snowball":22,"minecraft:iron_leggings":1,"minecraft:phantom_membrane":2,"minecraft:string":13,"minecraft:spruce_sapling":6,"minecraft:bone":11,"minecraft:white_wool":2,"minecraft:gravel":3,"minecraft:cobbled_deepslate":35,"minecraft:wheat":4,"minecraft:raw_copper":5,"minecraft:stone_sword":2,"minecraft:pointed_dripstone":1,"minecraft:diorite_stairs":5,"minecraft:white_carpet":8,"minecraft:rotten_flesh":42,"minecraft:iron_boots":1,"minecraft:light_gray_carpet":3,"minecraft:poppy":6,"minecraft:rabbit_hide":1,"minecraft:potato":174,"minecraft:iron_chestplate":1,"minecraft:gunpowder":11,"minecraft:spruce_planks":1,"minecraft:diorite_wall":1,"minecraft:charcoal":2,"minecraft:oak_sapling":3,"minecraft:spider_eye":1,"minecraft:spruce_log":1,"minecraft:spruce_slab":2,"minecraft:iron_bars":6,"minecraft:stone_pickaxe":3},"minecraft:broken":{"minecraft:stone_sword":2,"minecraft:stone_pickaxe":2,"minecraft:iron_axe":2,"minecraft:stone_axe":5,"minecraft:iron_pickaxe":4},"minecraft:killed_by":{"minecraft:player":1},"minecraft:picked_up":{"minecraft:crafting_table":9,"minecraft:wheat":5,"minecraft:chicken":8,"minecraft:brown_mushroom":3,"minecraft:gold_block":2,"minecraft:brewing_stand":1,"minecraft:red_bed":8,"minecraft:string":13,"minecraft:raw_copper":5,"minecraft:white_carpet":8,"minecraft:cobbled_deepslate":307,"minecraft:spruce_planks":17,"minecraft:beef":39,"minecraft:oak_boat":16,"minecraft:poppy":7,"minecraft:spruce_slab":3,"minecraft:lectern":69,"minecraft:sugar_cane":52,"minecraft:chest":1,"minecraft:egg":2,"minecraft:spruce_trapdoor":2,"minecraft:phantom_membrane":2,"minecraft:furnace":6,"minecraft:tipped_arrow":1,"minecraft:stick":94,"minecraft:raw_iron":91,"minecraft:composter":5,"minecraft:torch":60,"minecraft:spruce_fence":12,"minecraft:porkchop":12,"minecraft:pointed_dripstone":3,"minecraft:diorite":77,"minecraft:carrot":58,"minecraft:iron_horse_armor":1,"minecraft:stone_sword":1,"minecraft:arrow":17,"minecraft:rotten_flesh":43,"minecraft:saddle":1,"minecraft:mutton":4,"minecraft:iron_bars":6,"minecraft:cod":3,"minecraft:snowball":78,"minecraft:white_wool":2,"minecraft:cobblestone":733,"minecraft:feather":16,"minecraft:jungle_log":16,"minecraft:andesite":44,"minecraft:leather":17,"minecraft:smoker":1,"minecraft:potato":400,"minecraft:flint":2,"minecraft:tuff":20,"minecraft:oak_log":2,"minecraft:gunpowder":3,"minecraft:dirt":447,"minecraft:blue_bed":6,"minecraft:lapis_lazuli":5,"minecraft:diorite_stairs":5,"minecraft:lantern":10,"minecraft:bone":24,"minecraft:bow":1,"minecraft:wheat_seeds":16,"minecraft:raw_gold":24,"minecraft:rabbit_hide":1,"minecraft:iron_ingot":17,"minecraft:grindstone":4,"minecraft:stone_pickaxe":1,"minecraft:fletching_table":1,"minecraft:rabbit":1,"minecraft:diorite_wall":9,"minecraft:cooked_porkchop":1,"minecraft:pumpkin":4,"minecraft:poisonous_potato":2,"minecraft:gravel":23,"minecraft:jungle_planks":1,"minecraft:stripped_spruce_log":36,"minecraft:spruce_sapling":145,"minecraft:blast_furnace":1,"minecraft:spruce_log":867,"minecraft:white_bed":5,"minecraft:grass_block":1,"minecraft:spider_eye":1,"minecraft:spruce_door":1,"minecraft:diamond":78,"minecraft:granite":37,"minecraft:oak_sapling":3,"minecraft:light_gray_carpet":3,"minecraft:coal":83,"minecraft:ender_pearl":1},"minecraft:crafted":{"minecraft:golden_carrot":29,"minecraft:jungle_button":2,"minecraft:oak_planks":8,"minecraft:cooked_chicken":8,"minecraft:furnace":2,"minecraft:bookshelf":2,"minecraft:cooked_mutton":4,"minecraft:diamond_helmet":1,"minecraft:diamond_leggings":1,"minecraft:iron_boots":1,"minecraft:iron_axe":3,"minecraft:spruce_slab":18,"minecraft:stone_pickaxe":4,"minecraft:chest":1,"minecraft:diamond_boots":1,"minecraft:cooked_beef":11,"minecraft:emerald":170,"minecraft:cooked_porkchop":11,"minecraft:crafting_table":2,"minecraft:spruce_planks":3136,"minecraft:wooden_pickaxe":1,"minecraft:baked_potato":78,"minecraft:iron_helmet":1,"minecraft:fletching_table":1,"minecraft:bucket":1,"minecraft:stone_axe":5,"minecraft:enchanted_book":5,"minecraft:bread":1,"minecraft:air":0,"minecraft:jungle_planks":36,"minecraft:oak_boat":1,"minecraft:jungle_door":3,"minecraft:spruce_trapdoor":12,"minecraft:lectern":2,"minecraft:paper":36,"minecraft:book":12,"minecraft:iron_chestplate":1,"minecraft:gold_nugget":342,"minecraft:charcoal":7,"minecraft:shield":1,"minecraft:stick":5776,"minecraft:iron_ingot":90,"minecraft:iron_pickaxe":6,"minecraft:stone_sword":3,"minecraft:iron_block":3,"minecraft:gold_ingot":31,"minecraft:iron_leggings":1,"minecraft:anvil":1,"minecraft:spruce_fence_gate":2,"minecraft:torch":44,"minecraft:diamond_chestplate":1},"minecraft:used":{"minecraft:stone_sword":396,"minecraft:spruce_slab":7,"minecraft:poppy":1,"minecraft:chest":2,"minecraft:spruce_planks":195,"minecraft:shield":48,"minecraft:cooked_chicken":8,"minecraft:rotten_flesh":1,"minecraft:torch":96,"minecraft:dirt":275,"minecraft:anvil":1,"minecraft:jungle_planks":11,"minecraft:carrot":29,"minecraft:spruce_fence":4,"minecraft:tuff":19,"minecraft:granite":13,"minecraft:snowball":56,"minecraft:stripped_spruce_log":30,"minecraft:iron_axe":640,"minecraft:grass_block":1,"minecraft:lantern":6,"minecraft:diorite_wall":8,"minecraft:golden_carrot":20,"minecraft:jungle_button":2,"minecraft:furnace":8,"minecraft:egg":2,"minecraft:cooked_beef":11,"minecraft:potato":126,"minecraft:cobbled_deepslate":206,"minecraft:powder_snow_bucket":88,"minecraft:pumpkin":4,"minecraft:pointed_dripstone":2,"minecraft:cooked_mutton":4,"minecraft:water_bucket":239,"minecraft:diorite":55,"minecraft:spruce_door":1,"minecraft:stone_pickaxe":387,"minecraft:baked_potato":52,"minecraft:composter":2,"minecraft:ender_pearl":1,"minecraft:spruce_fence_gate":2,"minecraft:wooden_pickaxe":5,"minecraft:sugar_cane":7,"minecraft:fletching_table":2,"minecraft:blue_bed":6,"minecraft:blast_furnace":1,"minecraft:crafting_table":11,"minecraft:red_bed":8,"minecraft:cod":3,"minecraft:white_bed":5,"minecraft:smoker":1,"minecraft:spruce_log":88,"minecraft:bread":33,"minecraft:lectern":71,"minecraft:iron_pickaxe":1174,"minecraft:spruce_trapdoor":12,"minecraft:spruce_sapling":92,"minecraft:gravel":20,"minecraft:stone_axe":586,"minecraft:cobblestone":470,"minecraft:grindstone":3,"minecraft:cooked_porkchop":12,"minecraft:jungle_door":3,"minecraft:bucket":328,"minecraft:andesite":44,"minecraft:oak_boat":16},"minecraft:mined":{"minecraft:tuff":20,"minecraft:spruce_planks":17,"minecraft:white_bed":5,"minecraft:deepslate_diamond_ore":78,"minecraft:brewing_stand":1,"minecraft:spruce_trapdoor":2,"minecraft:granite":37,"minecraft:grass_block":39,"minecraft:spruce_fence":12,"minecraft:jungle_planks":1,"minecraft:jungle_log":16,"minecraft:diorite_stairs":5,"minecraft:spruce_leaves":216,"minecraft:composter":5,"minecraft:large_fern":12,"minecraft:spruce_sapling":9,"minecraft:furnace":6,"minecraft:carrots":18,"minecraft:iron_ore":60,"minecraft:cobbled_deepslate":7,"minecraft:andesite":40,"minecraft:stripped_spruce_log":36,"minecraft:pumpkin":4,"minecraft:deepslate_lapis_ore":1,"minecraft:fletching_table":1,"minecraft:gold_block":2,"minecraft:potatoes":124,"minecraft:vine":4,"minecraft:deepslate_iron_ore":30,"minecraft:iron_bars":6,"minecraft:lantern":10,"minecraft:stone":623,"minecraft:player_head":1,"minecraft:spruce_slab":3,"minecraft:light_gray_carpet":3,"minecraft:red_bed":8,"minecraft:smoker":1,"minecraft:spruce_door":1,"minecraft:crafting_table":9,"minecraft:torch":26,"minecraft:short_grass":6,"minecraft:blast_furnace":1,"minecraft:chest":1,"minecraft:dead_bush":12,"minecraft:lectern":69,"minecraft:cobblestone":108,"minecraft:sugar_cane":22,"minecraft:deepslate_gold_ore":24,"minecraft:grindstone":4,"minecraft:diorite":77,"minecraft:wall_torch":22,"minecraft:blue_bed":6,"minecraft:deepslate_copper_ore":1,"minecraft:ice":24,"minecraft:wheat":12,"minecraft:blue_ice":1,"minecraft:spruce_log":878,"minecraft:white_carpet":9,"minecraft:light_gray_wool":1,"minecraft:oak_log":2,"minecraft:coal_ore":47,"minecraft:diorite_wall":9,"minecraft:gravel":18,"minecraft:dirt":377,"minecraft:oak_leaves":7,"minecraft:fern":2,"minecraft:deepslate":358},"minecraft:custom":{"minecraft:interact_with_anvil":6,"minecraft:mob_kills":163,"minecraft:interact_with_crafting_table":70,"minecraft:bell_ring":27,"minecraft:leave_game":13,"minecraft:time_since_death":523853,"minecraft:climb_one_cm":868,"minecraft:sprint_one_cm":1440790,"minecraft:walk_one_cm":659622,"minecraft:damage_blocked_by_shield":1648,"minecraft:drop":201,"minecraft:talked_to_villager":158,"minecraft:play_time":525101,"minecraft:deaths":1,"minecraft:sneak_time":27895,"minecraft:walk_under_water_one_cm":18389,"minecraft:boat_one_cm":156804,"minecraft:jump":11564,"minecraft:interact_with_blast_furnace":9,"minecraft:walk_on_water_one_cm":61479,"minecraft:total_world_time":525101,"minecraft:interact_with_furnace":119,"minecraft:traded_with_villager":175,"minecraft:interact_with_grindstone":2,"minecraft:sleep_in_bed":8,"minecraft:time_since_rest":227401,"minecraft:damage_taken":6417,"minecraft:damage_dealt":29351,"minecraft:swim_one_cm":75761,"minecraft:fly_one_cm":1937621,"minecraft:open_chest":116,"minecraft:crouch_one_cm":55152,"minecraft:interact_with_smoker":9,"minecraft:fall_one_cm":302537}},"DataVersion":3839}