{"stats":{"minecraft:killed":{"minecraft:witch":1,"minecraft:spider":15,"minecraft:cod":3,"minecraft:slime":1,"minecraft:phantom":2,"minecraft:skeleton":18,"minecraft:chicken":8,"minecraft:pig":6,"minecraft:rabbit":1,"minecraft:iron_golem":4,"minecraft:creeper":4,"minecraft:sheep":4,"minecraft:zombie":48,"minecraft:stray":3,"minecraft:villager":2,"minecraft:enderman":3,"minecraft:cow":6},"minecraft:used":{"minecraft:stone_sword":396,"minecraft:spruce_slab":7,"minecraft:poppy":1,"minecraft:chest":2,"minecraft:spruce_planks":195,"minecraft:shield":39,"minecraft:cooked_chicken":8,"minecraft:rotten_flesh":1,"minecraft:torch":79,"minecraft:dirt":253,"minecraft:granite":13,"minecraft:jungle_planks":11,"minecraft:carrot":29,"minecraft:tuff":19,"minecraft:spruce_fence":4,"minecraft:snowball":40,"minecraft:stripped_spruce_log":30,"minecraft:grass_block":1,"minecraft:lantern":6,"minecraft:diorite_wall":8,"minecraft:golden_carrot":11,"minecraft:jungle_button":2,"minecraft:furnace":8,"minecraft:cooked_beef":11,"minecraft:potato":80,"minecraft:cobbled_deepslate":132,"minecraft:powder_snow_bucket":88,"minecraft:pumpkin":4,"minecraft:cooked_mutton":4,"minecraft:water_bucket":173,"minecraft:diorite":47,"minecraft:spruce_door":1,"minecraft:stone_pickaxe":387,"minecraft:baked_potato":21,"minecraft:composter":2,"minecraft:ender_pearl":1,"minecraft:spruce_fence_gate":2,"minecraft:wooden_pickaxe":5,"minecraft:sugar_cane":7,"minecraft:fletching_table":2,"minecraft:blue_bed":6,"minecraft:crafting_table":11,"minecraft:red_bed":8,"minecraft:cod":3,"minecraft:white_bed":5,"minecraft:spruce_log":76,"minecraft:bread":33,"minecraft:lectern":47,"minecraft:iron_pickaxe":1000,"minecraft:spruce_trapdoor":10,"minecraft:spruce_sapling":42,"minecraft:gravel":14,"minecraft:stone_axe":586,"minecraft:cobblestone":320,"minecraft:grindstone":3,"minecraft:cooked_porkchop":12,"minecraft:jungle_door":3,"minecraft:bucket":262,"minecraft:andesite":43,"minecraft:oak_boat":14},"minecraft:killed_by":{"minecraft:player":1},"minecraft:custom":{"minecraft:mob_kills":130,"minecraft:interact_with_crafting_table":56,"minecraft:bell_ring":27,"minecraft:leave_game":11,"minecraft:time_since_death":387779,"minecraft:climb_one_cm":868,"minecraft:sprint_one_cm":1036237,"minecraft:walk_one_cm":483846,"minecraft:damage_blocked_by_shield":1237,"minecraft:drop":135,"minecraft:talked_to_villager":87,"minecraft:play_time":389027,"minecraft:deaths":1,"minecraft:sneak_time":25086,"minecraft:walk_under_water_one_cm":16379,"minecraft:boat_one_cm":136610,"minecraft:jump":8546,"minecraft:walk_on_water_one_cm":51937,"minecraft:total_world_time":389027,"minecraft:interact_with_furnace":100,"minecraft:traded_with_villager":53,"minecraft:interact_with_grindstone":2,"minecraft:sleep_in_bed":8,"minecraft:time_since_rest":91327,"minecraft:damage_taken":4883,"minecraft:damage_dealt":24628,"minecraft:swim_one_cm":74442,"minecraft:fly_one_cm":1460177,"minecraft:open_chest":73,"minecraft:crouch_one_cm":47501,"minecraft:fall_one_cm":222662},"minecraft:picked_up":{"minecraft:crafting_table":9,"minecraft:wheat":5,"minecraft:chicken":8,"minecraft:brown_mushroom":3,"minecraft:gold_block":2,"minecraft:brewing_stand":1,"minecraft:red_bed":8,"minecraft:string":13,"minecraft:raw_copper":2,"minecraft:white_carpet":8,"minecraft:cobbled_deepslate":268,"minecraft:spruce_planks":17,"minecraft:beef":11,"minecraft:oak_boat":14,"minecraft:poppy":7,"minecraft:spruce_slab":3,"minecraft:lectern":46,"minecraft:sugar_cane":36,"minecraft:chest":1,"minecraft:spruce_trapdoor":2,"minecraft:phantom_membrane":2,"minecraft:furnace":6,"minecraft:stick":48,"minecraft:raw_iron":47,"minecraft:composter":5,"minecraft:torch":48,"minecraft:spruce_fence":12,"minecraft:porkchop":12,"minecraft:pointed_dripstone":1,"minecraft:diorite":73,"minecraft:carrot":58,"minecraft:iron_horse_armor":1,"minecraft:stone_sword":1,"minecraft:arrow":12,"minecraft:rotten_flesh":34,"minecraft:saddle":1,"minecraft:mutton":4,"minecraft:iron_bars":6,"minecraft:cod":3,"minecraft:snowball":62,"minecraft:white_wool":2,"minecraft:cobblestone":671,"minecraft:feather":16,"minecraft:jungle_log":16,"minecraft:andesite":44,"minecraft:leather":5,"minecraft:smoker":1,"minecraft:potato":229,"minecraft:flint":2,"minecraft:tuff":20,"minecraft:oak_log":2,"minecraft:gunpowder":2,"minecraft:dirt":419,"minecraft:blue_bed":6,"minecraft:lapis_lazuli":5,"minecraft:diorite_stairs":5,"minecraft:lantern":10,"minecraft:bone":18,"minecraft:wheat_seeds":16,"minecraft:raw_gold":13,"minecraft:rabbit_hide":1,"minecraft:iron_ingot":17,"minecraft:grindstone":4,"minecraft:stone_pickaxe":1,"minecraft:fletching_table":1,"minecraft:rabbit":1,"minecraft:diorite_wall":9,"minecraft:cooked_porkchop":1,"minecraft:pumpkin":4,"minecraft:gravel":23,"minecraft:jungle_planks":1,"minecraft:stripped_spruce_log":36,"minecraft:spruce_sapling":69,"minecraft:blast_furnace":1,"minecraft:spruce_log":341,"minecraft:white_bed":5,"minecraft:grass_block":1,"minecraft:spider_eye":1,"minecraft:spruce_door":1,"minecraft:diamond":66,"minecraft:granite":37,"minecraft:oak_sapling":3,"minecraft:light_gray_carpet":3,"minecraft:coal":80,"minecraft:ender_pearl":1},"minecraft:dropped":{"minecraft:wheat_seeds":15,"minecraft:lapis_lazuli":5,"minecraft:feather":8,"minecraft:iron_helmet":1,"minecraft:cobblestone":51,"minecraft:granite":24,"minecraft:rail":1,"minecraft:coal":4,"minecraft:stick":3,"minecraft:dirt":41,"minecraft:diorite":18,"minecraft:torch":1,"minecraft:rabbit":1,"minecraft:snowball":22,"minecraft:iron_leggings":1,"minecraft:string":13,"minecraft:spruce_sapling":5,"minecraft:white_wool":2,"minecraft:bone":2,"minecraft:gravel":3,"minecraft:raw_copper":1,"minecraft:wheat":4,"minecraft:stone_sword":2,"minecraft:pointed_dripstone":1,"minecraft:diorite_stairs":5,"minecraft:white_carpet":8,"minecraft:rotten_flesh":28,"minecraft:iron_boots":1,"minecraft:light_gray_carpet":3,"minecraft:poppy":6,"minecraft:rabbit_hide":1,"minecraft:potato":103,"minecraft:iron_chestplate":1,"minecraft:gunpowder":10,"minecraft:spruce_planks":1,"minecraft:diorite_wall":1,"minecraft:charcoal":2,"minecraft:oak_sapling":3,"minecraft:spider_eye":1,"minecraft:spruce_slab":2,"minecraft:iron_bars":6,"minecraft:stone_pickaxe":3},"minecraft:crafted":{"minecraft:golden_carrot":29,"minecraft:jungle_button":2,"minecraft:oak_planks":8,"minecraft:cooked_chicken":8,"minecraft:furnace":2,"minecraft:bookshelf":1,"minecraft:cooked_mutton":4,"minecraft:diamond_helmet":1,"minecraft:diamond_leggings":1,"minecraft:iron_boots":1,"minecraft:spruce_slab":12,"minecraft:stone_pickaxe":4,"minecraft:chest":1,"minecraft:diamond_boots":1,"minecraft:cooked_beef":11,"minecraft:emerald":52,"minecraft:cooked_porkchop":11,"minecraft:crafting_table":2,"minecraft:spruce_planks":1084,"minecraft:baked_potato":21,"minecraft:wooden_pickaxe":1,"minecraft:iron_helmet":1,"minecraft:fletching_table":1,"minecraft:bucket":1,"minecraft:stone_axe":5,"minecraft:enchanted_book":1,"minecraft:bread":1,"minecraft:air":0,"minecraft:jungle_planks":36,"minecraft:oak_boat":1,"minecraft:jungle_door":3,"minecraft:spruce_trapdoor":12,"minecraft:lectern":1,"minecraft:paper":12,"minecraft:book":4,"minecraft:iron_chestplate":1,"minecraft:gold_nugget":342,"minecraft:charcoal":7,"minecraft:shield":1,"minecraft:stick":1688,"minecraft:iron_ingot":31,"minecraft:iron_pickaxe":4,"minecraft:stone_sword":3,"minecraft:iron_block":1,"minecraft:gold_ingot":31,"minecraft:iron_leggings":1,"minecraft:spruce_fence_gate":2,"minecraft:torch":32,"minecraft:diamond_chestplate":1},"minecraft:mined":{"minecraft:tuff":20,"minecraft:spruce_planks":17,"minecraft:white_bed":5,"minecraft:deepslate_diamond_ore":66,"minecraft:brewing_stand":1,"minecraft:spruce_trapdoor":2,"minecraft:granite":37,"minecraft:grass_block":36,"minecraft:spruce_fence":12,"minecraft:jungle_planks":1,"minecraft:jungle_log":16,"minecraft:diorite_stairs":5,"minecraft:spruce_leaves":91,"minecraft:composter":5,"minecraft:large_fern":9,"minecraft:spruce_sapling":4,"minecraft:furnace":6,"minecraft:carrots":18,"minecraft:iron_ore":29,"minecraft:cobbled_deepslate":7,"minecraft:andesite":40,"minecraft:stripped_spruce_log":36,"minecraft:pumpkin":4,"minecraft:deepslate_lapis_ore":1,"minecraft:fletching_table":1,"minecraft:gold_block":2,"minecraft:potatoes":78,"minecraft:vine":4,"minecraft:deepslate_iron_ore":17,"minecraft:iron_bars":6,"minecraft:lantern":10,"minecraft:stone":605,"minecraft:player_head":1,"minecraft:spruce_slab":3,"minecraft:light_gray_carpet":3,"minecraft:red_bed":8,"minecraft:smoker":1,"minecraft:spruce_door":1,"minecraft:crafting_table":9,"minecraft:torch":19,"minecraft:short_grass":6,"minecraft:blast_furnace":1,"minecraft:chest":1,"minecraft:dead_bush":12,"minecraft:lectern":46,"minecraft:cobblestone":62,"minecraft:sugar_cane":14,"minecraft:deepslate_gold_ore":13,"minecraft:grindstone":4,"minecraft:diorite":73,"minecraft:wall_torch":17,"minecraft:blue_bed":6,"minecraft:ice":24,"minecraft:wheat":12,"minecraft:blue_ice":1,"minecraft:spruce_log":345,"minecraft:white_carpet":9,"minecraft:light_gray_wool":1,"minecraft:oak_log":2,"minecraft:coal_ore":44,"minecraft:diorite_wall":9,"minecraft:gravel":18,"minecraft:dirt":372,"minecraft:oak_leaves":7,"minecraft:deepslate":323},"minecraft:broken":{"minecraft:stone_sword":2,"minecraft:stone_pickaxe":2,"minecraft:stone_axe":5,"minecraft:iron_pickaxe":4}},"DataVersion":3839}