{"stats":{"minecraft:killed_by":{"minecraft:player":1},"minecraft:mined":{"minecraft:tuff":11,"minecraft:spruce_planks":17,"minecraft:white_bed":5,"minecraft:deepslate_diamond_ore":30,"minecraft:brewing_stand":1,"minecraft:spruce_trapdoor":2,"minecraft:granite":24,"minecraft:spruce_fence":12,"minecraft:grass_block":36,"minecraft:jungle_planks":1,"minecraft:jungle_log":16,"minecraft:diorite_stairs":5,"minecraft:spruce_leaves":63,"minecraft:composter":5,"minecraft:large_fern":9,"minecraft:furnace":6,"minecraft:carrots":4,"minecraft:iron_ore":29,"minecraft:cobbled_deepslate":7,"minecraft:andesite":39,"minecraft:stripped_spruce_log":36,"minecraft:pumpkin":4,"minecraft:fletching_table":1,"minecraft:deepslate_lapis_ore":1,"minecraft:gold_block":2,"minecraft:potatoes":49,"minecraft:vine":4,"minecraft:deepslate_iron_ore":2,"minecraft:iron_bars":6,"minecraft:lantern":10,"minecraft:stone":455,"minecraft:player_head":1,"minecraft:spruce_slab":3,"minecraft:light_gray_carpet":3,"minecraft:red_bed":7,"minecraft:smoker":1,"minecraft:spruce_door":1,"minecraft:crafting_table":9,"minecraft:torch":14,"minecraft:short_grass":6,"minecraft:blast_furnace":1,"minecraft:chest":1,"minecraft:dead_bush":12,"minecraft:cobblestone":25,"minecraft:deepslate_gold_ore":7,"minecraft:grindstone":4,"minecraft:sugar_cane":10,"minecraft:diorite":55,"minecraft:blue_bed":5,"minecraft:wall_torch":14,"minecraft:blue_ice":1,"minecraft:ice":22,"minecraft:wheat":12,"minecraft:spruce_log":212,"minecraft:white_carpet":9,"minecraft:light_gray_wool":1,"minecraft:oak_log":2,"minecraft:coal_ore":43,"minecraft:diorite_wall":9,"minecraft:gravel":18,"minecraft:dirt":371,"minecraft:oak_leaves":7,"minecraft:deepslate":184},"minecraft:broken":{"minecraft:stone_sword":1,"minecraft:stone_pickaxe":2,"minecraft:stone_axe":2,"minecraft:iron_pickaxe":2},"minecraft:dropped":{"minecraft:wheat_seeds":15,"minecraft:lapis_lazuli":5,"minecraft:iron_helmet":1,"minecraft:feather":8,"minecraft:cobblestone":51,"minecraft:granite":24,"minecraft:rail":1,"minecraft:coal":4,"minecraft:stick":3,"minecraft:dirt":41,"minecraft:diorite":18,"minecraft:torch":1,"minecraft:snowball":22,"minecraft:iron_leggings":1,"minecraft:string":8,"minecraft:white_wool":2,"minecraft:spruce_sapling":5,"minecraft:bone":2,"minecraft:gravel":3,"minecraft:stone_sword":1,"minecraft:wheat":4,"minecraft:diorite_stairs":5,"minecraft:white_carpet":8,"minecraft:rotten_flesh":22,"minecraft:iron_boots":1,"minecraft:light_gray_carpet":3,"minecraft:poppy":5,"minecraft:potato":40,"minecraft:gunpowder":10,"minecraft:spruce_planks":1,"minecraft:iron_chestplate":1,"minecraft:diorite_wall":1,"minecraft:charcoal":2,"minecraft:oak_sapling":3,"minecraft:spider_eye":1,"minecraft:spruce_slab":2,"minecraft:iron_bars":6,"minecraft:stone_pickaxe":2},"minecraft:custom":{"minecraft:mob_kills":89,"minecraft:interact_with_crafting_table":48,"minecraft:bell_ring":27,"minecraft:leave_game":1,"minecraft:time_since_death":271418,"minecraft:climb_one_cm":868,"minecraft:sprint_one_cm":759748,"minecraft:walk_one_cm":338042,"minecraft:damage_blocked_by_shield":634,"minecraft:drop":73,"minecraft:talked_to_villager":11,"minecraft:play_time":272666,"minecraft:deaths":1,"minecraft:sneak_time":17964,"minecraft:walk_under_water_one_cm":13467,"minecraft:boat_one_cm":116600,"minecraft:jump":6112,"minecraft:walk_on_water_one_cm":30331,"minecraft:total_world_time":272666,"minecraft:interact_with_furnace":95,"minecraft:traded_with_villager":20,"minecraft:interact_with_grindstone":1,"minecraft:sleep_in_bed":6,"minecraft:time_since_rest":39766,"minecraft:damage_taken":3358,"minecraft:damage_dealt":16083,"minecraft:swim_one_cm":60408,"minecraft:fly_one_cm":1117070,"minecraft:open_chest":55,"minecraft:crouch_one_cm":37283,"minecraft:fall_one_cm":159484},"minecraft:killed":{"minecraft:witch":1,"minecraft:spider":9,"minecraft:cod":3,"minecraft:phantom":2,"minecraft:skeleton":11,"minecraft:chicken":8,"minecraft:pig":6,"minecraft:iron_golem":2,"minecraft:creeper":2,"minecraft:sheep":4,"minecraft:zombie":28,"minecraft:stray":2,"minecraft:villager":1,"minecraft:cow":6,"minecraft:enderman":3},"minecraft:used":{"minecraft:stone_sword":279,"minecraft:spruce_slab":7,"minecraft:chest":2,"minecraft:spruce_planks":195,"minecraft:shield":20,"minecraft:rotten_flesh":1,"minecraft:cooked_chicken":8,"minecraft:torch":61,"minecraft:dirt":211,"minecraft:jungle_planks":11,"minecraft:carrot":14,"minecraft:tuff":10,"minecraft:snowball":40,"minecraft:spruce_fence":4,"minecraft:stripped_spruce_log":30,"minecraft:lantern":6,"minecraft:grass_block":1,"minecraft:diorite_wall":8,"minecraft:jungle_button":2,"minecraft:furnace":8,"minecraft:potato":50,"minecraft:cooked_beef":11,"minecraft:cobbled_deepslate":132,"minecraft:pumpkin":4,"minecraft:powder_snow_bucket":88,"minecraft:cooked_mutton":4,"minecraft:water_bucket":109,"minecraft:diorite":37,"minecraft:spruce_door":1,"minecraft:stone_pickaxe":387,"minecraft:baked_potato":3,"minecraft:composter":2,"minecraft:ender_pearl":1,"minecraft:fletching_table":1,"minecraft:wooden_pickaxe":5,"minecraft:spruce_fence_gate":2,"minecraft:sugar_cane":5,"minecraft:blue_bed":5,"minecraft:crafting_table":11,"minecraft:red_bed":7,"minecraft:white_bed":5,"minecraft:cod":3,"minecraft:spruce_log":65,"minecraft:bread":29,"minecraft:iron_pickaxe":574,"minecraft:spruce_trapdoor":8,"minecraft:gravel":14,"minecraft:spruce_sapling":22,"minecraft:stone_axe":360,"minecraft:cobblestone":220,"minecraft:grindstone":3,"minecraft:cooked_porkchop":12,"minecraft:jungle_door":3,"minecraft:bucket":198,"minecraft:andesite":43,"minecraft:oak_boat":12},"minecraft:crafted":{"minecraft:jungle_button":2,"minecraft:oak_planks":8,"minecraft:cooked_chicken":8,"minecraft:furnace":2,"minecraft:bookshelf":1,"minecraft:cooked_mutton":4,"minecraft:diamond_helmet":1,"minecraft:diamond_leggings":1,"minecraft:iron_boots":1,"minecraft:spruce_slab":12,"minecraft:stone_pickaxe":3,"minecraft:chest":1,"minecraft:diamond_boots":1,"minecraft:cooked_beef":11,"minecraft:emerald":20,"minecraft:cooked_porkchop":11,"minecraft:crafting_table":2,"minecraft:baked_potato":16,"minecraft:spruce_planks":604,"minecraft:wooden_pickaxe":1,"minecraft:iron_helmet":1,"minecraft:fletching_table":1,"minecraft:bucket":1,"minecraft:stone_axe":3,"minecraft:bread":1,"minecraft:air":0,"minecraft:jungle_planks":36,"minecraft:oak_boat":1,"minecraft:jungle_door":3,"minecraft:spruce_trapdoor":12,"minecraft:lectern":1,"minecraft:book":3,"minecraft:paper":9,"minecraft:iron_chestplate":1,"minecraft:charcoal":7,"minecraft:shield":1,"minecraft:stick":728,"minecraft:iron_ingot":31,"minecraft:iron_pickaxe":3,"minecraft:stone_sword":3,"minecraft:iron_leggings":1,"minecraft:gold_ingot":25,"minecraft:spruce_fence_gate":2,"minecraft:torch":28,"minecraft:diamond_chestplate":1},"minecraft:picked_up":{"minecraft:crafting_table":9,"minecraft:wheat":5,"minecraft:chicken":8,"minecraft:brown_mushroom":3,"minecraft:gold_block":2,"minecraft:brewing_stand":1,"minecraft:string":8,"minecraft:red_bed":7,"minecraft:white_carpet":8,"minecraft:cobbled_deepslate":134,"minecraft:spruce_planks":17,"minecraft:beef":11,"minecraft:oak_boat":12,"minecraft:poppy":5,"minecraft:spruce_slab":3,"minecraft:sugar_cane":28,"minecraft:chest":1,"minecraft:spruce_trapdoor":2,"minecraft:phantom_membrane":2,"minecraft:furnace":6,"minecraft:raw_iron":32,"minecraft:stick":30,"minecraft:composter":5,"minecraft:torch":34,"minecraft:spruce_fence":12,"minecraft:porkchop":12,"minecraft:carrot":14,"minecraft:diorite":55,"minecraft:iron_horse_armor":1,"minecraft:arrow":9,"minecraft:rotten_flesh":23,"minecraft:saddle":1,"minecraft:mutton":4,"minecraft:snowball":62,"minecraft:iron_bars":6,"minecraft:cod":3,"minecraft:white_wool":2,"minecraft:cobblestone":479,"minecraft:feather":16,"minecraft:andesite":43,"minecraft:jungle_log":16,"minecraft:leather":5,"minecraft:smoker":1,"minecraft:potato":112,"minecraft:flint":2,"minecraft:tuff":11,"minecraft:oak_log":2,"minecraft:gunpowder":2,"minecraft:diorite_stairs":5,"minecraft:blue_bed":5,"minecraft:lapis_lazuli":5,"minecraft:dirt":387,"minecraft:lantern":10,"minecraft:bone":11,"minecraft:wheat_seeds":16,"minecraft:raw_gold":7,"minecraft:iron_ingot":8,"minecraft:grindstone":4,"minecraft:stone_pickaxe":1,"minecraft:fletching_table":1,"minecraft:diorite_wall":9,"minecraft:cooked_porkchop":1,"minecraft:pumpkin":4,"minecraft:blast_furnace":1,"minecraft:gravel":17,"minecraft:jungle_planks":1,"minecraft:stripped_spruce_log":36,"minecraft:spruce_sapling":37,"minecraft:grass_block":1,"minecraft:white_bed":5,"minecraft:spruce_log":210,"minecraft:spruce_door":1,"minecraft:spider_eye":1,"minecraft:diamond":30,"minecraft:granite":24,"minecraft:oak_sapling":3,"minecraft:light_gray_carpet":3,"minecraft:coal":79,"minecraft:ender_pearl":1}},"DataVersion":3839}