{"stats":{"minecraft:picked_up":{"minecraft:wheat":5,"minecraft:brewing_stand":1,"minecraft:string":14,"minecraft:raw_copper":5,"minecraft:cobbled_deepslate":307,"minecraft:spruce_planks":18,"minecraft:furnace":6,"minecraft:tipped_arrow":1,"minecraft:stick":124,"minecraft:composter":5,"minecraft:torch":60,"minecraft:porkchop":12,"minecraft:pointed_dripstone":3,"minecraft:diorite":77,"minecraft:stone_sword":1,"minecraft:rotten_flesh":51,"minecraft:snowball":78,"minecraft:iron_bars":6,"minecraft:cod":3,"minecraft:cobblestone":733,"minecraft:feather":16,"minecraft:andesite":44,"minecraft:jungle_log":16,"minecraft:smoker":1,"minecraft:potato":400,"minecraft:flint":2,"minecraft:tuff":20,"minecraft:stripped_spruce_wood":14,"minecraft:lapis_lazuli":5,"minecraft:dirt":451,"minecraft:lantern":11,"minecraft:bone":26,"minecraft:bow":1,"minecraft:wheat_seeds":16,"minecraft:raw_gold":24,"minecraft:grindstone":11,"minecraft:rabbit":1,"minecraft:fletching_table":1,"minecraft:diorite_wall":9,"minecraft:cooked_porkchop":1,"minecraft:poisonous_potato":2,"minecraft:jungle_planks":1,"minecraft:stripped_spruce_log":45,"minecraft:grass_block":1,"minecraft:diamond":78,"minecraft:granite":37,"minecraft:spruce_sign":19,"minecraft:oak_sapling":3,"minecraft:light_gray_carpet":3,"minecraft:crafting_table":9,"minecraft:chicken":8,"minecraft:brown_mushroom":3,"minecraft:gold_block":2,"minecraft:red_bed":8,"minecraft:iron_axe":1,"minecraft:white_carpet":8,"minecraft:beef":50,"minecraft:oak_boat":16,"minecraft:poppy":7,"minecraft:spruce_slab":5,"minecraft:lectern":109,"minecraft:sugar_cane":71,"minecraft:chest":5,"minecraft:spruce_trapdoor":2,"minecraft:phantom_membrane":2,"minecraft:egg":2,"minecraft:raw_iron":91,"minecraft:spruce_fence":20,"minecraft:carrot":58,"minecraft:iron_horse_armor":1,"minecraft:arrow":19,"minecraft:saddle":2,"minecraft:mutton":4,"minecraft:white_wool":2,"minecraft:leather":26,"minecraft:oak_log":2,"minecraft:gunpowder":3,"minecraft:diorite_stairs":5,"minecraft:blue_bed":6,"minecraft:rabbit_hide":1,"minecraft:iron_ingot":17,"minecraft:stone_pickaxe":1,"minecraft:pumpkin":4,"minecraft:gravel":23,"minecraft:spruce_sapling":177,"minecraft:blast_furnace":1,"minecraft:white_bed":5,"minecraft:spruce_log":1141,"minecraft:spruce_door":1,"minecraft:spider_eye":8,"minecraft:stone_axe":1,"minecraft:coal":83,"minecraft:ender_pearl":1},"minecraft:mined":{"minecraft:spruce_planks":18,"minecraft:white_bed":5,"minecraft:brewing_stand":1,"minecraft:spruce_trapdoor":2,"minecraft:granite":37,"minecraft:grass_block":39,"minecraft:jungle_log":16,"minecraft:diorite_stairs":5,"minecraft:composter":5,"minecraft:iron_ore":60,"minecraft:cobbled_deepslate":7,"minecraft:pumpkin":4,"minecraft:fletching_table":1,"minecraft:deepslate_lapis_ore":1,"minecraft:iron_bars":6,"minecraft:player_head":1,"minecraft:spruce_slab":3,"minecraft:red_bed":8,"minecraft:smoker":1,"minecraft:torch":26,"minecraft:blast_furnace":1,"minecraft:chest":5,"minecraft:dead_bush":12,"minecraft:spruce_wall_sign":2,"minecraft:cobblestone":108,"minecraft:grindstone":4,"minecraft:sugar_cane":33,"minecraft:wall_torch":22,"minecraft:deepslate_copper_ore":1,"minecraft:wheat":12,"minecraft:blue_ice":1,"minecraft:light_gray_wool":1,"minecraft:oak_log":2,"minecraft:diorite_wall":9,"minecraft:dirt":384,"minecraft:oak_leaves":7,"minecraft:deepslate":358,"minecraft:tuff":20,"minecraft:deepslate_diamond_ore":78,"minecraft:spruce_fence":12,"minecraft:jungle_planks":1,"minecraft:spruce_leaves":335,"minecraft:large_fern":12,"minecraft:spruce_sapling":9,"minecraft:furnace":6,"minecraft:carrots":18,"minecraft:andesite":40,"minecraft:stripped_spruce_log":46,"minecraft:gold_block":2,"minecraft:potatoes":124,"minecraft:deepslate_iron_ore":30,"minecraft:vine":4,"minecraft:lantern":11,"minecraft:stone":623,"minecraft:light_gray_carpet":3,"minecraft:spruce_door":1,"minecraft:crafting_table":10,"minecraft:short_grass":6,"minecraft:lectern":109,"minecraft:deepslate_gold_ore":24,"minecraft:diorite":77,"minecraft:blue_bed":6,"minecraft:stripped_spruce_wood":14,"minecraft:ice":36,"minecraft:white_carpet":9,"minecraft:spruce_log":1159,"minecraft:coal_ore":47,"minecraft:gravel":18,"minecraft:fern":3},"minecraft:crafted":{"minecraft:jungle_button":2,"minecraft:oak_planks":8,"minecraft:cooked_chicken":8,"minecraft:bookshelf":3,"minecraft:cooked_mutton":4,"minecraft:iron_boots":1,"minecraft:diamond_helmet":1,"minecraft:diamond_leggings":1,"minecraft:chest":3,"minecraft:emerald":256,"minecraft:cooked_porkchop":11,"minecraft:crafting_table":2,"minecraft:spruce_planks":4288,"minecraft:wooden_pickaxe":1,"minecraft:baked_potato":78,"minecraft:iron_helmet":1,"minecraft:fletching_table":1,"minecraft:spruce_trapdoor":12,"minecraft:lectern":3,"minecraft:iron_chestplate":1,"minecraft:book":19,"minecraft:paper":57,"minecraft:charcoal":7,"minecraft:shield":1,"minecraft:stick":7976,"minecraft:iron_ingot":90,"minecraft:iron_pickaxe":6,"minecraft:iron_block":3,"minecraft:stone_sword":3,"minecraft:gold_ingot":31,"minecraft:spruce_fence_gate":2,"minecraft:golden_carrot":29,"minecraft:furnace":2,"minecraft:iron_axe":5,"minecraft:spruce_slab":24,"minecraft:stone_pickaxe":4,"minecraft:diamond_boots":1,"minecraft:cooked_beef":11,"minecraft:spruce_sign":3,"minecraft:bucket":1,"minecraft:stone_axe":5,"minecraft:enchanted_book":8,"minecraft:bread":1,"minecraft:air":0,"minecraft:jungle_planks":36,"minecraft:oak_boat":1,"minecraft:jungle_door":3,"minecraft:gold_nugget":342,"minecraft:iron_leggings":1,"minecraft:anvil":1,"minecraft:torch":44,"minecraft:diamond_chestplate":1},"minecraft:dropped":{"minecraft:spruce_sign":14,"minecraft:brown_mushroom":3,"minecraft:lapis_lazuli":5,"minecraft:rail":1,"minecraft:dirt":111,"minecraft:snowball":22,"minecraft:phantom_membrane":2,"minecraft:white_wool":2,"minecraft:bone":11,"minecraft:gravel":3,"minecraft:cobbled_deepslate":35,"minecraft:wheat":4,"minecraft:pointed_dripstone":1,"minecraft:diorite_stairs":5,"minecraft:rotten_flesh":50,"minecraft:grindstone":6,"minecraft:light_gray_carpet":3,"minecraft:poppy":6,"minecraft:rabbit_hide":1,"minecraft:gunpowder":11,"minecraft:diorite_wall":1,"minecraft:charcoal":2,"minecraft:spruce_slab":2,"minecraft:iron_bars":6,"minecraft:beef":9,"minecraft:wheat_seeds":15,"minecraft:poisonous_potato":2,"minecraft:iron_helmet":1,"minecraft:feather":8,"minecraft:cobblestone":152,"minecraft:book":1,"minecraft:granite":24,"minecraft:coal":4,"minecraft:stick":3,"minecraft:diorite":22,"minecraft:torch":1,"minecraft:rabbit":1,"minecraft:iron_leggings":1,"minecraft:string":13,"minecraft:spruce_sapling":82,"minecraft:stone_sword":2,"minecraft:raw_copper":5,"minecraft:white_carpet":8,"minecraft:iron_boots":1,"minecraft:potato":174,"minecraft:spruce_planks":1,"minecraft:iron_chestplate":1,"minecraft:oak_sapling":3,"minecraft:spider_eye":8,"minecraft:spruce_log":1,"minecraft:stone_pickaxe":3},"minecraft:killed":{"minecraft:witch":1,"minecraft:spider":18,"minecraft:cod":3,"minecraft:skeleton":24,"minecraft:chicken":8,"minecraft:pig":6,"minecraft:iron_golem":4,"minecraft:creeper":5,"minecraft:sheep":4,"minecraft:zombie":68,"minecraft:stray":5,"minecraft:cow":21,"minecraft:slime":1,"minecraft:phantom":9,"minecraft:rabbit":1,"minecraft:bat":1,"minecraft:villager":2,"minecraft:enderman":3},"minecraft:killed_by":{"minecraft:player":1},"minecraft:broken":{"minecraft:stone_pickaxe":2,"minecraft:stone_axe":5,"minecraft:stone_sword":2,"minecraft:iron_axe":4,"minecraft:iron_pickaxe":4},"minecraft:custom":{"minecraft:interact_with_crafting_table":84,"minecraft:bell_ring":27,"minecraft:leave_game":14,"minecraft:time_since_death":604382,"minecraft:sprint_one_cm":1630720,"minecraft:damage_blocked_by_shield":1648,"minecraft:drop":233,"minecraft:talked_to_villager":284,"minecraft:play_time":605630,"minecraft:deaths":1,"minecraft:jump":13019,"minecraft:walk_on_water_one_cm":65211,"minecraft:interact_with_furnace":119,"minecraft:traded_with_villager":264,"minecraft:sleep_in_bed":9,"minecraft:damage_dealt":33616,"minecraft:crouch_one_cm":58005,"minecraft:interact_with_smoker":9,"minecraft:interact_with_anvil":10,"minecraft:mob_kills":186,"minecraft:climb_one_cm":868,"minecraft:walk_one_cm":790767,"minecraft:sneak_time":29521,"minecraft:walk_under_water_one_cm":18817,"minecraft:boat_one_cm":156804,"minecraft:interact_with_blast_furnace":9,"minecraft:total_world_time":605630,"minecraft:interact_with_grindstone":2,"minecraft:time_since_rest":31543,"minecraft:damage_taken":6824,"minecraft:swim_one_cm":76275,"minecraft:fly_one_cm":2153045,"minecraft:open_chest":173,"minecraft:fall_one_cm":331609},"minecraft:used":{"minecraft:spruce_slab":9,"minecraft:poppy":1,"minecraft:chest":8,"minecraft:shield":48,"minecraft:rotten_flesh":1,"minecraft:jungle_planks":11,"minecraft:carrot":29,"minecraft:tuff":19,"minecraft:snowball":56,"minecraft:stripped_spruce_log":30,"minecraft:lantern":7,"minecraft:grass_block":1,"minecraft:diorite_wall":8,"minecraft:jungle_button":2,"minecraft:furnace":8,"minecraft:egg":2,"minecraft:potato":126,"minecraft:diorite":55,"minecraft:spruce_door":1,"minecraft:stone_pickaxe":387,"minecraft:ender_pearl":1,"minecraft:wooden_pickaxe":5,"minecraft:composter":2,"minecraft:blue_bed":6,"minecraft:sugar_cane":12,"minecraft:blast_furnace":1,"minecraft:bread":33,"minecraft:lectern":112,"minecraft:gravel":20,"minecraft:grindstone":3,"minecraft:andesite":44,"minecraft:oak_boat":16,"minecraft:stone_sword":396,"minecraft:spruce_planks":196,"minecraft:cooked_chicken":8,"minecraft:torch":97,"minecraft:dirt":279,"minecraft:anvil":1,"minecraft:granite":13,"minecraft:spruce_fence":4,"minecraft:iron_axe":1056,"minecraft:golden_carrot":21,"minecraft:cooked_beef":11,"minecraft:cobbled_deepslate":206,"minecraft:pumpkin":4,"minecraft:powder_snow_bucket":88,"minecraft:pointed_dripstone":2,"minecraft:cooked_mutton":4,"minecraft:water_bucket":267,"minecraft:baked_potato":69,"minecraft:spruce_sign":2,"minecraft:fletching_table":2,"minecraft:spruce_fence_gate":2,"minecraft:crafting_table":11,"minecraft:red_bed":8,"minecraft:white_bed":5,"minecraft:cod":3,"minecraft:spruce_log":97,"minecraft:smoker":1,"minecraft:iron_pickaxe":1175,"minecraft:spruce_trapdoor":12,"minecraft:spruce_sapling":93,"minecraft:stone_axe":586,"minecraft:cobblestone":470,"minecraft:cooked_porkchop":12,"minecraft:jungle_door":3,"minecraft:bucket":356}},"DataVersion":3839}