{"stats":{"minecraft:picked_up":{"minecraft:wheat":5,"minecraft:anvil":1,"minecraft:brewing_stand":1,"minecraft:string":16,"minecraft:raw_copper":6,"minecraft:cobbled_deepslate":321,"minecraft:spruce_planks":33,"minecraft:furnace":6,"minecraft:tipped_arrow":3,"minecraft:stick":166,"minecraft:composter":6,"minecraft:spruce_stairs":1,"minecraft:torch":82,"minecraft:porkchop":12,"minecraft:pointed_dripstone":4,"minecraft:diorite":77,"minecraft:stone_sword":1,"minecraft:rotten_flesh":61,"minecraft:snowball":128,"minecraft:iron_bars":6,"minecraft:cod":3,"minecraft:cobblestone":747,"minecraft:feather":16,"minecraft:andesite":44,"minecraft:jungle_log":16,"minecraft:smoker":3,"minecraft:potato":519,"minecraft:flint":5,"minecraft:tuff":21,"minecraft:stripped_spruce_wood":47,"minecraft:lapis_lazuli":5,"minecraft:dirt":499,"minecraft:lantern":11,"minecraft:bone":50,"minecraft:bow":4,"minecraft:wheat_seeds":16,"minecraft:raw_gold":55,"minecraft:grindstone":12,"minecraft:rabbit":1,"minecraft:fletching_table":2,"minecraft:diorite_wall":9,"minecraft:cooked_porkchop":1,"minecraft:poisonous_potato":2,"minecraft:jungle_planks":1,"minecraft:stripped_spruce_log":77,"minecraft:grass_block":1,"minecraft:diamond":91,"minecraft:granite":37,"minecraft:bone_meal":3,"minecraft:spruce_button":33,"minecraft:spruce_sign":19,"minecraft:emerald":20,"minecraft:oak_sapling":3,"minecraft:light_gray_carpet":6,"minecraft:netherrack":38,"minecraft:diamond_pickaxe":1,"minecraft:crafting_table":9,"minecraft:chicken":8,"minecraft:brown_mushroom":3,"minecraft:gold_block":2,"minecraft:red_bed":9,"minecraft:iron_axe":1,"minecraft:white_carpet":11,"minecraft:beef":52,"minecraft:oak_boat":33,"minecraft:poppy":7,"minecraft:spruce_slab":6,"minecraft:lectern":115,"minecraft:sugar_cane":105,"minecraft:chest":5,"minecraft:spruce_trapdoor":4,"minecraft:phantom_membrane":2,"minecraft:egg":2,"minecraft:raw_iron":91,"minecraft:spruce_fence":20,"minecraft:carrot":58,"minecraft:iron_horse_armor":1,"minecraft:arrow":39,"minecraft:saddle":2,"minecraft:mutton":4,"minecraft:white_wool":2,"minecraft:leather":27,"minecraft:oak_log":2,"minecraft:gunpowder":4,"minecraft:diorite_stairs":5,"minecraft:blue_bed":6,"minecraft:rabbit_hide":1,"minecraft:iron_ingot":17,"minecraft:stone_pickaxe":1,"minecraft:pumpkin":4,"minecraft:dripstone_block":2,"minecraft:gravel":30,"minecraft:spruce_sapling":213,"minecraft:blast_furnace":2,"minecraft:white_bed":5,"minecraft:spruce_log":1952,"minecraft:spruce_door":2,"minecraft:spider_eye":10,"minecraft:stone_axe":1,"minecraft:warped_roots":1,"minecraft:warped_nylium":5,"minecraft:coal":91,"minecraft:ender_pearl":4},"minecraft:mined":{"minecraft:spruce_planks":23,"minecraft:white_bed":5,"minecraft:brewing_stand":1,"minecraft:spruce_trapdoor":4,"minecraft:granite":37,"minecraft:grass_block":39,"minecraft:jungle_log":16,"minecraft:diorite_stairs":5,"minecraft:composter":6,"minecraft:iron_ore":60,"minecraft:cobbled_deepslate":15,"minecraft:pumpkin":4,"minecraft:anvil":1,"minecraft:fletching_table":2,"minecraft:deepslate_lapis_ore":1,"minecraft:iron_bars":6,"minecraft:player_head":1,"minecraft:spruce_slab":3,"minecraft:red_bed":9,"minecraft:smoker":3,"minecraft:torch":32,"minecraft:blast_furnace":2,"minecraft:chest":5,"minecraft:dead_bush":12,"minecraft:spruce_wall_sign":2,"minecraft:cobblestone":115,"minecraft:grindstone":5,"minecraft:sugar_cane":59,"minecraft:wall_torch":29,"minecraft:deepslate_copper_ore":1,"minecraft:warped_nylium":3,"minecraft:wheat":12,"minecraft:blue_ice":1,"minecraft:light_gray_wool":1,"minecraft:oak_log":2,"minecraft:diorite_wall":9,"minecraft:dirt":405,"minecraft:netherrack":35,"minecraft:oak_leaves":7,"minecraft:deepslate":361,"minecraft:tuff":21,"minecraft:deepslate_diamond_ore":91,"minecraft:spruce_fence":12,"minecraft:jungle_planks":1,"minecraft:spruce_leaves":389,"minecraft:large_fern":13,"minecraft:spruce_sapling":9,"minecraft:furnace":6,"minecraft:carrots":18,"minecraft:andesite":40,"minecraft:stripped_spruce_log":71,"minecraft:gold_block":2,"minecraft:potatoes":159,"minecraft:deepslate_iron_ore":30,"minecraft:vine":4,"minecraft:lantern":11,"minecraft:stone":625,"minecraft:light_gray_carpet":6,"minecraft:glass_pane":1,"minecraft:spruce_door":1,"minecraft:crafting_table":10,"minecraft:short_grass":6,"minecraft:spruce_button":7,"minecraft:lectern":115,"minecraft:deepslate_gold_ore":48,"minecraft:diorite":77,"minecraft:blue_bed":6,"minecraft:stripped_spruce_wood":29,"minecraft:ice":36,"minecraft:white_carpet":12,"minecraft:spruce_log":1942,"minecraft:coal_ore":47,"minecraft:dripstone_block":1,"minecraft:gravel":27,"minecraft:gold_ore":7,"minecraft:fern":3},"minecraft:crafted":{"minecraft:jungle_button":2,"minecraft:oak_planks":8,"minecraft:cooked_chicken":8,"minecraft:bookshelf":3,"minecraft:cooked_mutton":4,"minecraft:bow":1,"minecraft:iron_boots":1,"minecraft:diamond_helmet":1,"minecraft:diamond_leggings":1,"minecraft:chest":3,"minecraft:emerald":376,"minecraft:cooked_porkchop":11,"minecraft:crafting_table":2,"minecraft:spruce_planks":6156,"minecraft:wooden_pickaxe":1,"minecraft:baked_potato":126,"minecraft:iron_helmet":1,"minecraft:fletching_table":2,"minecraft:spruce_trapdoor":12,"minecraft:lectern":3,"minecraft:iron_chestplate":1,"minecraft:book":21,"minecraft:paper":63,"minecraft:charcoal":7,"minecraft:shield":1,"minecraft:stick":11800,"minecraft:iron_ingot":90,"minecraft:iron_pickaxe":6,"minecraft:iron_block":3,"minecraft:stone_sword":3,"minecraft:gold_ingot":31,"minecraft:spruce_fence_gate":2,"minecraft:golden_carrot":29,"minecraft:spruce_button":64,"minecraft:furnace":2,"minecraft:bone_meal":66,"minecraft:iron_axe":10,"minecraft:spruce_slab":24,"minecraft:stone_pickaxe":4,"minecraft:diamond_boots":1,"minecraft:cooked_beef":11,"minecraft:spruce_sign":3,"minecraft:bucket":1,"minecraft:stone_axe":5,"minecraft:enchanted_book":9,"minecraft:bread":1,"minecraft:air":0,"minecraft:jungle_planks":36,"minecraft:oak_boat":1,"minecraft:jungle_door":3,"minecraft:gold_nugget":342,"minecraft:iron_leggings":1,"minecraft:anvil":1,"minecraft:torch":44,"minecraft:diamond_chestplate":1},"minecraft:dropped":{"minecraft:spruce_sign":14,"minecraft:brown_mushroom":3,"minecraft:lapis_lazuli":5,"minecraft:rail":1,"minecraft:flint":1,"minecraft:dirt":121,"minecraft:snowball":22,"minecraft:bone_meal":63,"minecraft:phantom_membrane":2,"minecraft:white_wool":2,"minecraft:bone":11,"minecraft:gravel":3,"minecraft:cobbled_deepslate":35,"minecraft:wheat":4,"minecraft:pointed_dripstone":2,"minecraft:diorite_stairs":5,"minecraft:rotten_flesh":56,"minecraft:grindstone":6,"minecraft:light_gray_carpet":3,"minecraft:poppy":6,"minecraft:rabbit_hide":1,"minecraft:gunpowder":12,"minecraft:diorite_wall":1,"minecraft:charcoal":2,"minecraft:spruce_slab":6,"minecraft:iron_bars":6,"minecraft:arrow":1,"minecraft:beef":11,"minecraft:enchanted_book":1,"minecraft:wheat_seeds":15,"minecraft:dripstone_block":2,"minecraft:poisonous_potato":2,"minecraft:iron_helmet":1,"minecraft:feather":8,"minecraft:cobblestone":152,"minecraft:book":2,"minecraft:granite":24,"minecraft:spruce_door":1,"minecraft:spruce_stairs":1,"minecraft:coal":4,"minecraft:stick":3,"minecraft:diorite":22,"minecraft:torch":1,"minecraft:rabbit":1,"minecraft:iron_leggings":1,"minecraft:string":14,"minecraft:spruce_sapling":84,"minecraft:stone_sword":2,"minecraft:raw_copper":6,"minecraft:tuff":1,"minecraft:white_carpet":8,"minecraft:iron_boots":1,"minecraft:potato":210,"minecraft:spruce_planks":1,"minecraft:diamond_pickaxe":1,"minecraft:iron_chestplate":1,"minecraft:oak_sapling":3,"minecraft:spider_eye":10,"minecraft:spruce_log":1,"minecraft:bow":1,"minecraft:stone_pickaxe":3},"minecraft:killed":{"minecraft:witch":1,"minecraft:spider":23,"minecraft:cod":3,"minecraft:skeleton":41,"minecraft:chicken":8,"minecraft:piglin":1,"minecraft:pig":6,"minecraft:iron_golem":4,"minecraft:creeper":8,"minecraft:sheep":4,"minecraft:zombie":80,"minecraft:stray":7,"minecraft:cow":22,"minecraft:slime":1,"minecraft:phantom":9,"minecraft:rabbit":1,"minecraft:bat":1,"minecraft:villager":2,"minecraft:enderman":10},"minecraft:killed_by":{"minecraft:player":1},"minecraft:broken":{"minecraft:stone_pickaxe":2,"minecraft:stone_axe":5,"minecraft:stone_sword":2,"minecraft:shield":1,"minecraft:iron_axe":10,"minecraft:iron_pickaxe":5},"minecraft:custom":{"minecraft:interact_with_crafting_table":92,"minecraft:bell_ring":38,"minecraft:leave_game":14,"minecraft:time_since_death":754382,"minecraft:sprint_one_cm":2011815,"minecraft:damage_blocked_by_shield":4999,"minecraft:drop":266,"minecraft:talked_to_villager":335,"minecraft:play_time":755630,"minecraft:deaths":1,"minecraft:jump":16760,"minecraft:walk_on_water_one_cm":81895,"minecraft:interact_with_furnace":127,"minecraft:traded_with_villager":385,"minecraft:sleep_in_bed":16,"minecraft:damage_dealt":44849,"minecraft:player_kills":1,"minecraft:crouch_one_cm":69940,"minecraft:interact_with_smoker":17,"minecraft:interact_with_anvil":11,"minecraft:mob_kills":236,"minecraft:climb_one_cm":868,"minecraft:walk_one_cm":999942,"minecraft:sneak_time":37747,"minecraft:walk_under_water_one_cm":26985,"minecraft:boat_one_cm":161478,"minecraft:interact_with_blast_furnace":12,"minecraft:total_world_time":755630,"minecraft:interact_with_grindstone":3,"minecraft:time_since_rest":115519,"minecraft:damage_taken":8039,"minecraft:swim_one_cm":85118,"minecraft:fly_one_cm":2804201,"minecraft:open_chest":261,"minecraft:fall_one_cm":438664},"minecraft:used":{"minecraft:spruce_slab":9,"minecraft:poppy":1,"minecraft:chest":8,"minecraft:shield":139,"minecraft:rotten_flesh":1,"minecraft:jungle_planks":11,"minecraft:carrot":29,"minecraft:tuff":19,"minecraft:snowball":106,"minecraft:stripped_spruce_log":30,"minecraft:lantern":7,"minecraft:grass_block":1,"minecraft:warped_nylium":1,"minecraft:diorite_wall":8,"minecraft:jungle_button":2,"minecraft:furnace":8,"minecraft:egg":2,"minecraft:potato":161,"minecraft:diorite":55,"minecraft:spruce_door":1,"minecraft:stone_pickaxe":387,"minecraft:ender_pearl":1,"minecraft:wooden_pickaxe":5,"minecraft:composter":3,"minecraft:blue_bed":6,"minecraft:sugar_cane":12,"minecraft:blast_furnace":2,"minecraft:bread":33,"minecraft:lectern":118,"minecraft:gravel":27,"minecraft:grindstone":4,"minecraft:andesite":44,"minecraft:oak_boat":33,"minecraft:bone_meal":3,"minecraft:stone_sword":396,"minecraft:light_gray_carpet":3,"minecraft:spruce_planks":196,"minecraft:cooked_chicken":8,"minecraft:torch":125,"minecraft:dirt":322,"minecraft:anvil":2,"minecraft:white_carpet":3,"minecraft:granite":13,"minecraft:spruce_fence":4,"minecraft:iron_axe":2051,"minecraft:spruce_button":62,"minecraft:golden_carrot":21,"minecraft:cooked_beef":11,"minecraft:cobbled_deepslate":284,"minecraft:pumpkin":4,"minecraft:powder_snow_bucket":88,"minecraft:pointed_dripstone":2,"minecraft:cooked_mutton":4,"minecraft:water_bucket":352,"minecraft:baked_potato":115,"minecraft:spruce_sign":2,"minecraft:fletching_table":4,"minecraft:spruce_fence_gate":2,"minecraft:crafting_table":11,"minecraft:red_bed":8,"minecraft:white_bed":5,"minecraft:cod":3,"minecraft:spruce_log":101,"minecraft:smoker":3,"minecraft:iron_pickaxe":1286,"minecraft:spruce_trapdoor":16,"minecraft:spruce_sapling":126,"minecraft:stone_axe":586,"minecraft:cobblestone":548,"minecraft:cooked_porkchop":12,"minecraft:jungle_door":3,"minecraft:bucket":441}},"DataVersion":3839}