{"stats":{"minecraft:picked_up":{"minecraft:wheat":3,"minecraft:nether_brick_fence":2,"minecraft:enchanted_book":1,"minecraft:brewing_stand":1,"minecraft:string":18,"minecraft:polished_blackstone_brick_stairs":1,"minecraft:iron_leggings":2,"minecraft:red_sand":1,"minecraft:cobbled_deepslate":71,"minecraft:spruce_planks":221,"minecraft:furnace":5,"minecraft:stick":40,"minecraft:torch":17,"minecraft:spruce_stairs":26,"minecraft:porkchop":19,"minecraft:cherry_log":3,"minecraft:diorite":3,"minecraft:rotten_flesh":43,"minecraft:white_terracotta":1,"minecraft:blaze_rod":18,"minecraft:obsidian":14,"minecraft:snowball":144,"minecraft:cobblestone":93,"minecraft:birch_log":10,"minecraft:feather":2,"minecraft:magma_cream":3,"minecraft:golden_leggings":2,"minecraft:potato":426,"minecraft:tuff":1,"minecraft:stripped_spruce_wood":56,"minecraft:lantern":4,"minecraft:dirt":205,"minecraft:lapis_lazuli":19,"minecraft:bone":30,"minecraft:bow":2,"minecraft:wheat_seeds":6,"minecraft:raw_gold":8,"minecraft:diamond_helmet":6,"minecraft:cooked_porkchop":18,"minecraft:poisonous_potato":4,"minecraft:stripped_crimson_stem":1,"minecraft:sand":23,"minecraft:stripped_spruce_log":88,"minecraft:red_terracotta":3,"minecraft:dark_oak_log":5,"minecraft:mossy_cobblestone":1,"minecraft:light_gray_terracotta":1,"minecraft:diamond":75,"minecraft:cracked_polished_blackstone_bricks":33,"minecraft:granite":14,"minecraft:bone_meal":61,"minecraft:spruce_button":25,"minecraft:netherrack":1554,"minecraft:diamond_pickaxe":2,"minecraft:crafting_table":13,"minecraft:splash_potion":2,"minecraft:chicken":1,"minecraft:nether_wart":40,"minecraft:brown_mushroom":12,"minecraft:wooden_pickaxe":1,"minecraft:gold_block":37,"minecraft:shield":1,"minecraft:flint_and_steel":1,"minecraft:blackstone":23,"minecraft:oak_boat":11,"minecraft:spruce_slab":43,"minecraft:sugar_cane":53,"minecraft:chest":4,"minecraft:spruce_trapdoor":2,"minecraft:raw_iron":22,"minecraft:spruce_fence":10,"minecraft:polished_blackstone_bricks":77,"minecraft:carrot":64,"minecraft:blue_carpet":1,"minecraft:dark_oak_planks":12,"minecraft:weeping_vines":8,"minecraft:arrow":35,"minecraft:diamond_chestplate":1,"minecraft:cooked_cod":5,"minecraft:beetroot_seeds":3,"minecraft:nether_bricks":5,"minecraft:yellow_terracotta":1,"minecraft:white_wool":5,"minecraft:basalt":5,"minecraft:golden_carrot":29,"minecraft:crimson_stem":30,"minecraft:salmon":100,"minecraft:leather":6,"minecraft:filled_map":1,"minecraft:oak_log":5,"minecraft:ancient_debris":39,"minecraft:gunpowder":5,"minecraft:cobblestone_wall":9,"minecraft:blue_bed":4,"minecraft:orange_terracotta":4,"minecraft:book":2,"minecraft:gravel":1,"minecraft:spruce_sapling":40,"minecraft:white_bed":1,"minecraft:spruce_log":327,"minecraft:spider_eye":4,"minecraft:crying_obsidian":1,"minecraft:spruce_door":2,"minecraft:slime_ball":7,"minecraft:diamond_axe":1,"minecraft:cherry_sapling":10,"minecraft:terracotta":14,"minecraft:coal":36,"minecraft:ender_pearl":1},"minecraft:dropped":{"minecraft:brown_mushroom":1,"minecraft:diamond_axe":1,"minecraft:crafting_table":1,"minecraft:cooked_porkchop":19,"minecraft:crossbow":1,"minecraft:weeping_vines":8,"minecraft:emerald":20,"minecraft:flint":3,"minecraft:cracked_polished_blackstone_bricks":22,"minecraft:dirt":3,"minecraft:polished_blackstone_brick_stairs":1,"minecraft:cooked_cod":5,"minecraft:gilded_blackstone":3,"minecraft:wooden_sword":1,"minecraft:bone_meal":1,"minecraft:sand":1,"minecraft:white_wool":2,"minecraft:gold_ingot":4,"minecraft:bone":3,"minecraft:blackstone":10,"minecraft:cooked_chicken":1,"minecraft:iron_nugget":7,"minecraft:cobbled_deepslate":2,"minecraft:wheat":4,"minecraft:obsidian":4,"minecraft:rotten_flesh":15,"minecraft:nether_brick_fence":2,"minecraft:gunpowder":6,"minecraft:beetroot_seeds":3,"minecraft:arrow":1,"minecraft:crying_obsidian":1,"minecraft:netherrack":993,"minecraft:stripped_spruce_log":4,"minecraft:wheat_seeds":5,"minecraft:golden_helmet":1,"minecraft:mossy_cobblestone":1,"minecraft:poisonous_potato":6,"minecraft:feather":2,"minecraft:golden_axe":2,"minecraft:iron_helmet":1,"minecraft:granite":3,"minecraft:spruce_button":8,"minecraft:spruce_stairs":12,"minecraft:stick":30,"minecraft:golden_carrot":29,"minecraft:torch":3,"minecraft:wooden_axe":1,"minecraft:diamond_helmet":6,"minecraft:potion":1,"minecraft:iron_leggings":3,"minecraft:golden_hoe":1,"minecraft:string":12,"minecraft:tripwire_hook":3,"minecraft:furnace":1,"minecraft:light_gray_terracotta":1,"minecraft:bowl":2,"minecraft:nether_bricks":5,"minecraft:flint_and_steel":1,"minecraft:filled_map":5,"minecraft:shield":1,"minecraft:diamond_chestplate":1,"minecraft:diamond_pickaxe":2,"minecraft:golden_leggings":3,"minecraft:oak_boat":1,"minecraft:spruce_log":56,"minecraft:bow":1,"minecraft:wooden_pickaxe":3,"minecraft:stripped_spruce_wood":14},"minecraft:crafted":{"minecraft:oak_planks":20,"minecraft:blaze_powder":2,"minecraft:cooked_chicken":1,"minecraft:glass":9,"minecraft:diamond_leggings":1,"minecraft:chest":9,"minecraft:stone_hoe":1,"minecraft:glass_bottle":3,"minecraft:emerald":72,"minecraft:cooked_porkchop":19,"minecraft:diamond_axe":1,"minecraft:crafting_table":7,"minecraft:spruce_planks":1124,"minecraft:wooden_pickaxe":2,"minecraft:baked_potato":9,"minecraft:iron_helmet":1,"minecraft:golden_pickaxe":10,"minecraft:gold_block":2,"minecraft:birch_planks":40,"minecraft:iron_chestplate":1,"minecraft:diamond_pickaxe":3,"minecraft:shield":2,"minecraft:stick":2436,"minecraft:iron_ingot":54,"minecraft:iron_pickaxe":1,"minecraft:gold_ingot":44,"minecraft:shears":1,"minecraft:wooden_sword":1,"minecraft:furnace":1,"minecraft:bone_meal":18,"minecraft:flint_and_steel":1,"minecraft:diamond_boots":2,"minecraft:dark_oak_planks":24,"minecraft:golden_helmet":3,"minecraft:sugar":1,"minecraft:crimson_planks":84,"minecraft:enchanting_table":1,"minecraft:iron_sword":1,"minecraft:cooked_salmon":68,"minecraft:bucket":1,"minecraft:stone_axe":1,"minecraft:enchanted_book":1,"minecraft:bread":1,"minecraft:air":0,"minecraft:oak_boat":1,"minecraft:fermented_spider_eye":1,"minecraft:wooden_axe":1,"minecraft:iron_shovel":1,"minecraft:iron_leggings":1,"minecraft:white_bed":1,"minecraft:torch":4,"minecraft:diamond_chestplate":2},"minecraft:mined":{"minecraft:dark_oak_planks":12,"minecraft:spruce_planks":232,"minecraft:white_bed":1,"minecraft:cherry_log":3,"minecraft:brewing_stand":1,"minecraft:obsidian":9,"minecraft:spruce_trapdoor":2,"minecraft:granite":13,"minecraft:chiseled_polished_blackstone":1,"minecraft:red_sand":1,"minecraft:grass_block":70,"minecraft:cracked_polished_blackstone_bricks":59,"minecraft:nether_wart":40,"minecraft:spawner":1,"minecraft:tall_seagrass":3,"minecraft:weeping_vines_plant":1,"minecraft:polished_blackstone_bricks":120,"minecraft:magma_block":12,"minecraft:iron_ore":12,"minecraft:fire":16,"minecraft:cobbled_deepslate":1,"minecraft:deepslate_lapis_ore":3,"minecraft:dirt_path":14,"minecraft:player_head":4,"minecraft:spruce_slab":37,"minecraft:brown_mushroom":12,"minecraft:red_bed":1,"minecraft:blackstone":65,"minecraft:kelp_plant":1,"minecraft:crimson_nylium":37,"minecraft:orange_terracotta":6,"minecraft:torch":9,"minecraft:light_gray_terracotta":1,"minecraft:chest":4,"minecraft:dead_bush":12,"minecraft:nether_quartz_ore":15,"minecraft:cobblestone":16,"minecraft:sugar_cane":29,"minecraft:wall_torch":3,"minecraft:seagrass":1,"minecraft:white_terracotta":2,"minecraft:nether_wart_block":1,"minecraft:birch_log":10,"minecraft:wheat":1,"minecraft:oak_log":5,"minecraft:sand":22,"minecraft:dirt":94,"minecraft:ancient_debris":39,"minecraft:netherrack":3405,"minecraft:stripped_crimson_stem":1,"minecraft:oak_leaves":1,"minecraft:deepslate":55,"minecraft:yellow_terracotta":1,"minecraft:crying_obsidian":1,"minecraft:tuff":1,"minecraft:mossy_cobblestone":2,"minecraft:deepslate_diamond_ore":52,"minecraft:dark_oak_log":5,"minecraft:nether_bricks":23,"minecraft:spruce_fence":10,"minecraft:crimson_roots":5,"minecraft:weeping_vines":3,"minecraft:spruce_leaves":65,"minecraft:crimson_stem":30,"minecraft:large_fern":18,"minecraft:spruce_sapling":7,"minecraft:furnace":5,"minecraft:carrots":18,"minecraft:snow":135,"minecraft:andesite":3,"minecraft:stripped_spruce_log":89,"minecraft:gold_block":37,"minecraft:nether_brick_fence":2,"minecraft:potatoes":117,"minecraft:deepslate_iron_ore":9,"minecraft:lantern":2,"minecraft:stone":81,"minecraft:glass_pane":5,"minecraft:basalt":10,"minecraft:crafting_table":12,"minecraft:spruce_button":1,"minecraft:short_grass":20,"minecraft:polished_blackstone_brick_stairs":2,"minecraft:diorite":3,"minecraft:blue_bed":4,"minecraft:spruce_stairs":15,"minecraft:red_terracotta":3,"minecraft:cobblestone_wall":10,"minecraft:stripped_spruce_wood":58,"minecraft:ice":14,"minecraft:spruce_log":305,"minecraft:birch_leaves":2,"minecraft:coal_ore":21,"minecraft:cherry_leaves":167,"minecraft:gravel":3,"minecraft:terracotta":15,"minecraft:gold_ore":8,"minecraft:fern":11},"minecraft:killed":{"minecraft:witch":1,"minecraft:spider":24,"minecraft:skeleton":34,"minecraft:chicken":1,"minecraft:piglin_brute":6,"minecraft:magma_cube":65,"minecraft:piglin":3,"minecraft:zombie_villager":1,"minecraft:salmon":68,"minecraft:creeper":3,"minecraft:zombie":61,"minecraft:stray":4,"minecraft:blaze":44,"minecraft:slime":5,"minecraft:drowned":17,"minecraft:hoglin":7,"minecraft:wither_skeleton":2,"minecraft:enderman":4},"minecraft:killed_by":{"minecraft:player":1},"minecraft:broken":{"minecraft:golden_helmet":2,"minecraft:iron_shovel":1,"minecraft:diamond_pickaxe":2,"minecraft:stone_axe":1,"minecraft:iron_sword":1,"minecraft:shield":1,"minecraft:leather_boots":1,"minecraft:iron_pickaxe":1,"minecraft:golden_pickaxe":10},"minecraft:custom":{"minecraft:interact_with_crafting_table":58,"minecraft:leave_game":11,"minecraft:time_since_death":130328,"minecraft:sprint_one_cm":1232122,"minecraft:damage_blocked_by_shield":4681,"minecraft:drop":158,"minecraft:talked_to_villager":99,"minecraft:play_time":500519,"minecraft:deaths":4,"minecraft:jump":9299,"minecraft:interact_with_brewingstand":8,"minecraft:walk_on_water_one_cm":54754,"minecraft:enchant_item":1,"minecraft:interact_with_furnace":54,"minecraft:traded_with_villager":73,"minecraft:sleep_in_bed":19,"minecraft:damage_dealt":51422,"minecraft:crouch_one_cm":141699,"minecraft:interact_with_smoker":1,"minecraft:mob_kills":357,"minecraft:interact_with_anvil":3,"minecraft:climb_one_cm":3054,"minecraft:walk_one_cm":647152,"minecraft:sneak_time":55974,"minecraft:walk_under_water_one_cm":63355,"minecraft:boat_one_cm":270178,"minecraft:interact_with_blast_furnace":2,"minecraft:total_world_time":500519,"minecraft:time_since_rest":55554,"minecraft:damage_taken":10962,"minecraft:swim_one_cm":173557,"minecraft:fly_one_cm":1544817,"minecraft:open_chest":160,"minecraft:fall_one_cm":263354},"minecraft:used":{"minecraft:red_sand":1,"minecraft:iron_shovel":251,"minecraft:spruce_slab":38,"minecraft:white_terracotta":1,"minecraft:chest":13,"minecraft:shield":94,"minecraft:iron_sword":307,"minecraft:rotten_flesh":28,"minecraft:iron_chestplate":1,"minecraft:carrot":26,"minecraft:snowball":144,"minecraft:obsidian":27,"minecraft:lantern":4,"minecraft:iron_helmet":1,"minecraft:bow":6,"minecraft:furnace":4,"minecraft:cooked_cod":6,"minecraft:potato":188,"minecraft:diorite":3,"minecraft:diamond_boots":1,"minecraft:blackstone":13,"minecraft:wooden_pickaxe":33,"minecraft:blue_bed":4,"minecraft:diamond_axe":1192,"minecraft:sugar_cane":10,"minecraft:sand":12,"minecraft:yellow_terracotta":1,"minecraft:crossbow":10,"minecraft:dark_oak_log":1,"minecraft:bread":1,"minecraft:red_terracotta":3,"minecraft:gravel":1,"minecraft:golden_helmet":1,"minecraft:fire_charge":2,"minecraft:wooden_sword":6,"minecraft:poisonous_potato":1,"minecraft:oak_boat":10,"minecraft:bone_meal":56,"minecraft:golden_pickaxe":320,"minecraft:enchanting_table":1,"minecraft:flint_and_steel":3,"minecraft:cooked_salmon":64,"minecraft:stone_hoe":73,"minecraft:netherrack":590,"minecraft:torch":18,"minecraft:brewing_stand":1,"minecraft:dirt":192,"minecraft:spruce_stairs":6,"minecraft:diamond_helmet":1,"minecraft:spruce_fence":2,"minecraft:granite":11,"minecraft:dark_oak_planks":27,"minecraft:wooden_axe":6,"minecraft:spruce_button":17,"minecraft:crimson_planks":58,"minecraft:diamond_chestplate":3,"minecraft:basalt":5,"minecraft:golden_carrot":50,"minecraft:cobbled_deepslate":68,"minecraft:cherry_log":3,"minecraft:orange_terracotta":4,"minecraft:iron_leggings":1,"minecraft:crimson_stem":10,"minecraft:wheat_seeds":1,"minecraft:water_bucket":44,"minecraft:snow_block":1,"minecraft:glass_bottle":4,"minecraft:baked_potato":9,"minecraft:polished_blackstone_bricks":77,"minecraft:gilded_blackstone":2,"minecraft:terracotta":14,"minecraft:tnt":1,"minecraft:crafting_table":19,"minecraft:white_bed":1,"minecraft:spruce_log":13,"minecraft:diamond_pickaxe":3609,"minecraft:cracked_polished_blackstone_bricks":9,"minecraft:suspicious_stew":2,"minecraft:iron_pickaxe":254,"minecraft:spruce_trapdoor":2,"minecraft:spruce_sapling":39,"minecraft:stone_axe":74,"minecraft:cobblestone":41,"minecraft:potion":1,"minecraft:cooked_porkchop":17,"minecraft:bucket":47,"minecraft:splash_potion":1,"minecraft:diamond_leggings":1}},"DataVersion":3839}