{"stats":{"minecraft:killed":{"minecraft:witch":1,"minecraft:spider":13,"minecraft:skeleton":23,"minecraft:chicken":1,"minecraft:drowned":1,"minecraft:piglin_brute":6,"minecraft:magma_cube":65,"minecraft:piglin":3,"minecraft:zombie_villager":1,"minecraft:salmon":68,"minecraft:hoglin":7,"minecraft:creeper":2,"minecraft:zombie":29,"minecraft:wither_skeleton":2,"minecraft:blaze":44,"minecraft:enderman":2},"minecraft:used":{"minecraft:red_sand":1,"minecraft:flint_and_steel":2,"minecraft:chest":1,"minecraft:shield":80,"minecraft:white_terracotta":1,"minecraft:iron_sword":114,"minecraft:cooked_salmon":56,"minecraft:rotten_flesh":12,"minecraft:netherrack":590,"minecraft:iron_chestplate":1,"minecraft:torch":12,"minecraft:dirt":15,"minecraft:carrot":2,"minecraft:granite":11,"minecraft:obsidian":17,"minecraft:wooden_axe":6,"minecraft:dark_oak_planks":27,"minecraft:iron_helmet":1,"minecraft:crimson_planks":58,"minecraft:diamond_chestplate":3,"minecraft:basalt":5,"minecraft:golden_carrot":12,"minecraft:furnace":4,"minecraft:cooked_cod":3,"minecraft:cobbled_deepslate":68,"minecraft:cherry_log":3,"minecraft:orange_terracotta":4,"minecraft:iron_leggings":1,"minecraft:crimson_stem":10,"minecraft:water_bucket":27,"minecraft:diorite":3,"minecraft:diamond_boots":1,"minecraft:baked_potato":9,"minecraft:blackstone":13,"minecraft:wooden_pickaxe":33,"minecraft:diamond_axe":402,"minecraft:gilded_blackstone":2,"minecraft:polished_blackstone_bricks":77,"minecraft:sand":10,"minecraft:terracotta":14,"minecraft:yellow_terracotta":1,"minecraft:tnt":1,"minecraft:crafting_table":17,"minecraft:white_bed":1,"minecraft:crossbow":10,"minecraft:diamond_pickaxe":3543,"minecraft:dark_oak_log":1,"minecraft:bread":1,"minecraft:cracked_polished_blackstone_bricks":9,"minecraft:iron_pickaxe":254,"minecraft:suspicious_stew":2,"minecraft:red_terracotta":3,"minecraft:gravel":1,"minecraft:golden_helmet":1,"minecraft:stone_axe":74,"minecraft:fire_charge":2,"minecraft:wooden_sword":6,"minecraft:cobblestone":41,"minecraft:cooked_porkchop":17,"minecraft:bucket":30,"minecraft:oak_boat":9,"minecraft:diamond_leggings":1,"minecraft:golden_pickaxe":320},"minecraft:custom":{"minecraft:mob_kills":275,"minecraft:interact_with_crafting_table":48,"minecraft:leave_game":8,"minecraft:time_since_death":73607,"minecraft:climb_one_cm":746,"minecraft:sprint_one_cm":664644,"minecraft:walk_one_cm":360001,"minecraft:damage_blocked_by_shield":4000,"minecraft:drop":112,"minecraft:play_time":307599,"minecraft:deaths":2,"minecraft:sneak_time":42350,"minecraft:walk_under_water_one_cm":54088,"minecraft:boat_one_cm":105083,"minecraft:jump":5256,"minecraft:walk_on_water_one_cm":37683,"minecraft:total_world_time":307599,"minecraft:interact_with_furnace":49,"minecraft:sleep_in_bed":7,"minecraft:time_since_rest":19186,"minecraft:damage_taken":7042,"minecraft:damage_dealt":36463,"minecraft:swim_one_cm":105144,"minecraft:fly_one_cm":772156,"minecraft:open_chest":48,"minecraft:crouch_one_cm":102387,"minecraft:fall_one_cm":141584},"minecraft:picked_up":{"minecraft:crafting_table":12,"minecraft:wheat":2,"minecraft:nether_brick_fence":2,"minecraft:chicken":1,"minecraft:nether_wart":40,"minecraft:wooden_pickaxe":1,"minecraft:gold_block":37,"minecraft:string":11,"minecraft:polished_blackstone_brick_stairs":1,"minecraft:flint_and_steel":1,"minecraft:iron_leggings":2,"minecraft:blackstone":23,"minecraft:red_sand":1,"minecraft:cobbled_deepslate":69,"minecraft:oak_boat":9,"minecraft:sugar_cane":9,"minecraft:furnace":4,"minecraft:stick":21,"minecraft:raw_iron":22,"minecraft:torch":11,"minecraft:porkchop":19,"minecraft:polished_blackstone_bricks":77,"minecraft:cherry_log":3,"minecraft:diorite":3,"minecraft:diamond_chestplate":1,"minecraft:dark_oak_planks":12,"minecraft:arrow":21,"minecraft:weeping_vines":8,"minecraft:rotten_flesh":21,"minecraft:cooked_cod":5,"minecraft:nether_bricks":5,"minecraft:yellow_terracotta":1,"minecraft:white_terracotta":1,"minecraft:blaze_rod":18,"minecraft:obsidian":14,"minecraft:white_wool":5,"minecraft:cobblestone":51,"minecraft:birch_log":10,"minecraft:golden_carrot":29,"minecraft:feather":2,"minecraft:basalt":5,"minecraft:magma_cream":3,"minecraft:crimson_stem":30,"minecraft:salmon":100,"minecraft:leather":6,"minecraft:golden_leggings":2,"minecraft:oak_log":5,"minecraft:ancient_debris":39,"minecraft:gunpowder":2,"minecraft:dirt":18,"minecraft:lapis_lazuli":19,"minecraft:orange_terracotta":4,"minecraft:bone":19,"minecraft:bow":1,"minecraft:raw_gold":8,"minecraft:cooked_porkchop":18,"minecraft:stripped_crimson_stem":1,"minecraft:gravel":1,"minecraft:sand":10,"minecraft:white_bed":1,"minecraft:red_terracotta":3,"minecraft:crying_obsidian":1,"minecraft:dark_oak_log":5,"minecraft:light_gray_terracotta":1,"minecraft:diamond":75,"minecraft:cracked_polished_blackstone_bricks":33,"minecraft:granite":13,"minecraft:cherry_sapling":10,"minecraft:bone_meal":1,"minecraft:terracotta":14,"minecraft:netherrack":1554,"minecraft:coal":36,"minecraft:diamond_pickaxe":1},"minecraft:dropped":{"minecraft:golden_helmet":1,"minecraft:crafting_table":1,"minecraft:cooked_porkchop":19,"minecraft:feather":2,"minecraft:weeping_vines":8,"minecraft:poisonous_potato":3,"minecraft:crossbow":1,"minecraft:golden_axe":2,"minecraft:iron_helmet":1,"minecraft:granite":2,"minecraft:flint":3,"minecraft:stick":11,"minecraft:dirt":3,"minecraft:cracked_polished_blackstone_bricks":22,"minecraft:golden_carrot":29,"minecraft:polished_blackstone_brick_stairs":1,"minecraft:torch":3,"minecraft:wooden_axe":1,"minecraft:cooked_cod":5,"minecraft:wooden_sword":1,"minecraft:iron_leggings":3,"minecraft:gilded_blackstone":3,"minecraft:bone_meal":1,"minecraft:golden_hoe":1,"minecraft:string":11,"minecraft:tripwire_hook":3,"minecraft:white_wool":2,"minecraft:gold_ingot":4,"minecraft:bone":3,"minecraft:furnace":1,"minecraft:blackstone":10,"minecraft:iron_nugget":7,"minecraft:cooked_chicken":1,"minecraft:bowl":2,"minecraft:light_gray_terracotta":1,"minecraft:wheat":4,"minecraft:obsidian":4,"minecraft:rotten_flesh":9,"minecraft:nether_brick_fence":2,"minecraft:nether_bricks":5,"minecraft:flint_and_steel":1,"minecraft:filled_map":1,"minecraft:diamond_chestplate":1,"minecraft:gunpowder":6,"minecraft:diamond_pickaxe":1,"minecraft:golden_leggings":3,"minecraft:oak_boat":1,"minecraft:bow":1,"minecraft:wooden_pickaxe":3,"minecraft:crying_obsidian":1,"minecraft:netherrack":993},"minecraft:crafted":{"minecraft:wooden_sword":1,"minecraft:oak_planks":20,"minecraft:cooked_chicken":1,"minecraft:furnace":1,"minecraft:flint_and_steel":1,"minecraft:diamond_leggings":1,"minecraft:chest":1,"minecraft:diamond_boots":1,"minecraft:dark_oak_planks":24,"minecraft:golden_helmet":3,"minecraft:crimson_planks":84,"minecraft:cooked_porkchop":19,"minecraft:diamond_axe":1,"minecraft:crafting_table":6,"minecraft:wooden_pickaxe":2,"minecraft:baked_potato":9,"minecraft:iron_helmet":1,"minecraft:golden_pickaxe":10,"minecraft:cooked_salmon":68,"minecraft:gold_block":2,"minecraft:bucket":1,"minecraft:birch_planks":40,"minecraft:stone_axe":1,"minecraft:bread":1,"minecraft:air":0,"minecraft:oak_boat":1,"minecraft:iron_chestplate":1,"minecraft:diamond_pickaxe":3,"minecraft:shield":2,"minecraft:stick":36,"minecraft:iron_ingot":54,"minecraft:iron_pickaxe":1,"minecraft:wooden_axe":1,"minecraft:iron_leggings":1,"minecraft:gold_ingot":44,"minecraft:white_bed":1,"minecraft:torch":4,"minecraft:shears":1,"minecraft:diamond_chestplate":2},"minecraft:mined":{"minecraft:dark_oak_planks":12,"minecraft:yellow_terracotta":1,"minecraft:crying_obsidian":1,"minecraft:tuff":1,"minecraft:white_bed":1,"minecraft:deepslate_diamond_ore":52,"minecraft:cherry_log":3,"minecraft:dark_oak_log":5,"minecraft:chiseled_polished_blackstone":1,"minecraft:obsidian":9,"minecraft:nether_bricks":23,"minecraft:granite":13,"minecraft:red_sand":1,"minecraft:grass_block":20,"minecraft:crimson_roots":5,"minecraft:cracked_polished_blackstone_bricks":59,"minecraft:weeping_vines":3,"minecraft:nether_wart":40,"minecraft:crimson_stem":30,"minecraft:spawner":1,"minecraft:tall_seagrass":2,"minecraft:polished_blackstone_bricks":120,"minecraft:weeping_vines_plant":1,"minecraft:magma_block":12,"minecraft:furnace":4,"minecraft:iron_ore":12,"minecraft:fire":16,"minecraft:andesite":3,"minecraft:deepslate_lapis_ore":3,"minecraft:gold_block":37,"minecraft:nether_brick_fence":2,"minecraft:deepslate_iron_ore":9,"minecraft:lantern":1,"minecraft:stone":46,"minecraft:player_head":2,"minecraft:blackstone":65,"minecraft:crimson_nylium":37,"minecraft:basalt":10,"minecraft:orange_terracotta":6,"minecraft:crafting_table":11,"minecraft:torch":8,"minecraft:light_gray_terracotta":1,"minecraft:short_grass":9,"minecraft:dead_bush":12,"minecraft:nether_quartz_ore":15,"minecraft:cobblestone":7,"minecraft:sugar_cane":4,"minecraft:polished_blackstone_brick_stairs":2,"minecraft:diorite":3,"minecraft:wall_torch":3,"minecraft:white_terracotta":2,"minecraft:red_terracotta":3,"minecraft:nether_wart_block":1,"minecraft:birch_log":10,"minecraft:birch_leaves":2,"minecraft:coal_ore":21,"minecraft:oak_log":5,"minecraft:cherry_leaves":167,"minecraft:gravel":2,"minecraft:sand":10,"minecraft:dirt":6,"minecraft:terracotta":15,"minecraft:netherrack":3405,"minecraft:ancient_debris":39,"minecraft:stripped_crimson_stem":1,"minecraft:gold_ore":8,"minecraft:fern":1,"minecraft:deepslate":55},"minecraft:broken":{"minecraft:golden_helmet":2,"minecraft:shield":1,"minecraft:diamond_pickaxe":2,"minecraft:leather_boots":1,"minecraft:stone_axe":1,"minecraft:iron_pickaxe":1,"minecraft:golden_pickaxe":10}},"DataVersion":3839}