{"stats":{"minecraft:picked_up":{"minecraft:wheat":2,"minecraft:nether_brick_fence":2,"minecraft:enchanted_book":1,"minecraft:string":14,"minecraft:polished_blackstone_brick_stairs":1,"minecraft:iron_leggings":2,"minecraft:red_sand":1,"minecraft:cobbled_deepslate":70,"minecraft:spruce_planks":221,"minecraft:furnace":5,"minecraft:stick":25,"minecraft:torch":16,"minecraft:spruce_stairs":9,"minecraft:porkchop":19,"minecraft:cherry_log":3,"minecraft:diorite":3,"minecraft:rotten_flesh":25,"minecraft:white_terracotta":1,"minecraft:blaze_rod":18,"minecraft:obsidian":14,"minecraft:snowball":1,"minecraft:cobblestone":69,"minecraft:birch_log":10,"minecraft:feather":2,"minecraft:magma_cream":3,"minecraft:golden_leggings":2,"minecraft:stripped_spruce_wood":42,"minecraft:lantern":3,"minecraft:lapis_lazuli":19,"minecraft:dirt":125,"minecraft:bone":19,"minecraft:bow":1,"minecraft:wheat_seeds":1,"minecraft:raw_gold":8,"minecraft:cooked_porkchop":18,"minecraft:stripped_crimson_stem":1,"minecraft:sand":12,"minecraft:stripped_spruce_log":84,"minecraft:dark_oak_log":5,"minecraft:red_terracotta":3,"minecraft:mossy_cobblestone":1,"minecraft:light_gray_terracotta":1,"minecraft:diamond":75,"minecraft:cracked_polished_blackstone_bricks":33,"minecraft:granite":13,"minecraft:bone_meal":1,"minecraft:netherrack":1554,"minecraft:diamond_pickaxe":2,"minecraft:crafting_table":12,"minecraft:chicken":1,"minecraft:nether_wart":40,"minecraft:wooden_pickaxe":1,"minecraft:gold_block":37,"minecraft:shield":1,"minecraft:flint_and_steel":1,"minecraft:blackstone":23,"minecraft:oak_boat":10,"minecraft:spruce_slab":27,"minecraft:sugar_cane":53,"minecraft:chest":1,"minecraft:spruce_trapdoor":1,"minecraft:raw_iron":22,"minecraft:spruce_fence":3,"minecraft:polished_blackstone_bricks":77,"minecraft:blue_carpet":1,"minecraft:dark_oak_planks":12,"minecraft:weeping_vines":8,"minecraft:arrow":23,"minecraft:diamond_chestplate":1,"minecraft:cooked_cod":5,"minecraft:nether_bricks":5,"minecraft:yellow_terracotta":1,"minecraft:white_wool":5,"minecraft:basalt":5,"minecraft:golden_carrot":29,"minecraft:crimson_stem":30,"minecraft:salmon":100,"minecraft:leather":6,"minecraft:filled_map":1,"minecraft:oak_log":5,"minecraft:ancient_debris":39,"minecraft:gunpowder":2,"minecraft:cobblestone_wall":9,"minecraft:orange_terracotta":4,"minecraft:book":1,"minecraft:gravel":1,"minecraft:spruce_sapling":7,"minecraft:white_bed":1,"minecraft:spruce_log":39,"minecraft:crying_obsidian":1,"minecraft:spruce_door":1,"minecraft:slime_ball":7,"minecraft:diamond_axe":1,"minecraft:cherry_sapling":10,"minecraft:terracotta":14,"minecraft:coal":36,"minecraft:ender_pearl":1},"minecraft:dropped":{"minecraft:diamond_axe":1,"minecraft:crafting_table":1,"minecraft:cooked_porkchop":19,"minecraft:crossbow":1,"minecraft:weeping_vines":8,"minecraft:emerald":20,"minecraft:flint":3,"minecraft:cracked_polished_blackstone_bricks":22,"minecraft:dirt":3,"minecraft:polished_blackstone_brick_stairs":1,"minecraft:cooked_cod":5,"minecraft:wooden_sword":1,"minecraft:gilded_blackstone":3,"minecraft:bone_meal":1,"minecraft:sand":1,"minecraft:white_wool":2,"minecraft:bone":3,"minecraft:gold_ingot":4,"minecraft:blackstone":10,"minecraft:iron_nugget":7,"minecraft:cooked_chicken":1,"minecraft:wheat":4,"minecraft:obsidian":4,"minecraft:rotten_flesh":10,"minecraft:nether_brick_fence":2,"minecraft:gunpowder":6,"minecraft:crying_obsidian":1,"minecraft:netherrack":993,"minecraft:wheat_seeds":1,"minecraft:golden_helmet":1,"minecraft:mossy_cobblestone":1,"minecraft:poisonous_potato":3,"minecraft:iron_helmet":1,"minecraft:golden_axe":2,"minecraft:feather":2,"minecraft:granite":2,"minecraft:stick":17,"minecraft:golden_carrot":29,"minecraft:torch":3,"minecraft:wooden_axe":1,"minecraft:potion":1,"minecraft:iron_leggings":3,"minecraft:golden_hoe":1,"minecraft:string":12,"minecraft:tripwire_hook":3,"minecraft:furnace":1,"minecraft:light_gray_terracotta":1,"minecraft:bowl":2,"minecraft:nether_bricks":5,"minecraft:flint_and_steel":1,"minecraft:filled_map":5,"minecraft:shield":1,"minecraft:diamond_chestplate":1,"minecraft:diamond_pickaxe":2,"minecraft:golden_leggings":3,"minecraft:oak_boat":1,"minecraft:bow":1,"minecraft:wooden_pickaxe":3},"minecraft:crafted":{"minecraft:oak_planks":20,"minecraft:cooked_chicken":1,"minecraft:diamond_leggings":1,"minecraft:chest":4,"minecraft:emerald":20,"minecraft:cooked_porkchop":19,"minecraft:diamond_axe":1,"minecraft:crafting_table":6,"minecraft:spruce_planks":256,"minecraft:iron_helmet":1,"minecraft:wooden_pickaxe":2,"minecraft:baked_potato":9,"minecraft:golden_pickaxe":10,"minecraft:gold_block":2,"minecraft:birch_planks":40,"minecraft:iron_chestplate":1,"minecraft:diamond_pickaxe":3,"minecraft:shield":2,"minecraft:stick":836,"minecraft:iron_ingot":54,"minecraft:iron_pickaxe":1,"minecraft:gold_ingot":44,"minecraft:shears":1,"minecraft:wooden_sword":1,"minecraft:furnace":1,"minecraft:flint_and_steel":1,"minecraft:diamond_boots":2,"minecraft:dark_oak_planks":24,"minecraft:golden_helmet":3,"minecraft:crimson_planks":84,"minecraft:enchanting_table":1,"minecraft:cooked_salmon":68,"minecraft:bucket":1,"minecraft:stone_axe":1,"minecraft:bread":1,"minecraft:air":0,"minecraft:oak_boat":1,"minecraft:wooden_axe":1,"minecraft:iron_shovel":1,"minecraft:iron_leggings":1,"minecraft:white_bed":1,"minecraft:torch":4,"minecraft:diamond_chestplate":2},"minecraft:mined":{"minecraft:dark_oak_planks":12,"minecraft:spruce_planks":232,"minecraft:white_bed":1,"minecraft:cherry_log":3,"minecraft:obsidian":9,"minecraft:spruce_trapdoor":1,"minecraft:granite":13,"minecraft:chiseled_polished_blackstone":1,"minecraft:red_sand":1,"minecraft:grass_block":47,"minecraft:cracked_polished_blackstone_bricks":59,"minecraft:nether_wart":40,"minecraft:spawner":1,"minecraft:weeping_vines_plant":1,"minecraft:polished_blackstone_bricks":120,"minecraft:tall_seagrass":3,"minecraft:magma_block":12,"minecraft:iron_ore":12,"minecraft:fire":16,"minecraft:cobbled_deepslate":1,"minecraft:deepslate_lapis_ore":3,"minecraft:dirt_path":14,"minecraft:player_head":3,"minecraft:spruce_slab":26,"minecraft:blackstone":65,"minecraft:kelp_plant":1,"minecraft:crimson_nylium":37,"minecraft:orange_terracotta":6,"minecraft:light_gray_terracotta":1,"minecraft:torch":8,"minecraft:chest":1,"minecraft:dead_bush":12,"minecraft:nether_quartz_ore":15,"minecraft:cobblestone":10,"minecraft:sugar_cane":29,"minecraft:wall_torch":3,"minecraft:seagrass":1,"minecraft:white_terracotta":2,"minecraft:nether_wart_block":1,"minecraft:birch_log":10,"minecraft:oak_log":5,"minecraft:sand":11,"minecraft:dirt":72,"minecraft:ancient_debris":39,"minecraft:netherrack":3405,"minecraft:stripped_crimson_stem":1,"minecraft:oak_leaves":1,"minecraft:deepslate":55,"minecraft:yellow_terracotta":1,"minecraft:crying_obsidian":1,"minecraft:tuff":1,"minecraft:mossy_cobblestone":2,"minecraft:deepslate_diamond_ore":52,"minecraft:dark_oak_log":5,"minecraft:nether_bricks":23,"minecraft:spruce_fence":3,"minecraft:crimson_roots":5,"minecraft:weeping_vines":3,"minecraft:spruce_leaves":12,"minecraft:crimson_stem":30,"minecraft:large_fern":1,"minecraft:spruce_sapling":3,"minecraft:furnace":5,"minecraft:snow":1,"minecraft:andesite":3,"minecraft:stripped_spruce_log":85,"minecraft:gold_block":37,"minecraft:nether_brick_fence":2,"minecraft:deepslate_iron_ore":9,"minecraft:lantern":1,"minecraft:stone":61,"minecraft:glass_pane":5,"minecraft:basalt":10,"minecraft:crafting_table":11,"minecraft:short_grass":16,"minecraft:polished_blackstone_brick_stairs":2,"minecraft:diorite":3,"minecraft:spruce_stairs":10,"minecraft:red_terracotta":3,"minecraft:cobblestone_wall":10,"minecraft:stripped_spruce_wood":42,"minecraft:ice":13,"minecraft:spruce_log":40,"minecraft:birch_leaves":2,"minecraft:coal_ore":21,"minecraft:cherry_leaves":167,"minecraft:gravel":3,"minecraft:terracotta":15,"minecraft:gold_ore":8,"minecraft:fern":2},"minecraft:killed":{"minecraft:witch":1,"minecraft:spider":17,"minecraft:skeleton":25,"minecraft:chicken":1,"minecraft:piglin_brute":6,"minecraft:magma_cube":65,"minecraft:piglin":3,"minecraft:zombie_villager":1,"minecraft:salmon":68,"minecraft:creeper":2,"minecraft:zombie":37,"minecraft:stray":1,"minecraft:blaze":44,"minecraft:slime":5,"minecraft:drowned":17,"minecraft:hoglin":7,"minecraft:wither_skeleton":2,"minecraft:enderman":3},"minecraft:broken":{"minecraft:golden_helmet":2,"minecraft:diamond_pickaxe":2,"minecraft:stone_axe":1,"minecraft:shield":1,"minecraft:leather_boots":1,"minecraft:iron_pickaxe":1,"minecraft:golden_pickaxe":10},"minecraft:custom":{"minecraft:interact_with_crafting_table":51,"minecraft:leave_game":9,"minecraft:time_since_death":38376,"minecraft:sprint_one_cm":776037,"minecraft:damage_blocked_by_shield":4122,"minecraft:drop":128,"minecraft:talked_to_villager":59,"minecraft:play_time":361252,"minecraft:deaths":3,"minecraft:jump":6171,"minecraft:walk_on_water_one_cm":49971,"minecraft:interact_with_furnace":50,"minecraft:traded_with_villager":20,"minecraft:sleep_in_bed":7,"minecraft:damage_dealt":42679,"minecraft:crouch_one_cm":118041,"minecraft:interact_with_smoker":1,"minecraft:interact_with_anvil":1,"minecraft:mob_kills":312,"minecraft:climb_one_cm":3054,"minecraft:walk_one_cm":428928,"minecraft:sneak_time":47656,"minecraft:walk_under_water_one_cm":62865,"minecraft:boat_one_cm":248788,"minecraft:interact_with_blast_furnace":1,"minecraft:total_world_time":361252,"minecraft:time_since_rest":38396,"minecraft:damage_taken":8228,"minecraft:swim_one_cm":166536,"minecraft:fly_one_cm":938463,"minecraft:open_chest":82,"minecraft:fall_one_cm":162862},"minecraft:used":{"minecraft:red_sand":1,"minecraft:iron_shovel":106,"minecraft:white_terracotta":1,"minecraft:chest":5,"minecraft:shield":81,"minecraft:iron_sword":166,"minecraft:rotten_flesh":14,"minecraft:iron_chestplate":1,"minecraft:carrot":2,"minecraft:snowball":6,"minecraft:obsidian":17,"minecraft:iron_helmet":1,"minecraft:furnace":4,"minecraft:cooked_cod":6,"minecraft:diorite":3,"minecraft:diamond_boots":1,"minecraft:blackstone":13,"minecraft:wooden_pickaxe":33,"minecraft:diamond_axe":868,"minecraft:sugar_cane":10,"minecraft:sand":10,"minecraft:yellow_terracotta":1,"minecraft:crossbow":10,"minecraft:dark_oak_log":1,"minecraft:bread":1,"minecraft:red_terracotta":3,"minecraft:gravel":1,"minecraft:golden_helmet":1,"minecraft:fire_charge":2,"minecraft:wooden_sword":6,"minecraft:oak_boat":9,"minecraft:golden_pickaxe":320,"minecraft:enchanting_table":1,"minecraft:flint_and_steel":2,"minecraft:cooked_salmon":64,"minecraft:netherrack":590,"minecraft:torch":12,"minecraft:dirt":72,"minecraft:granite":11,"minecraft:dark_oak_planks":27,"minecraft:wooden_axe":6,"minecraft:crimson_planks":58,"minecraft:diamond_chestplate":3,"minecraft:basalt":5,"minecraft:golden_carrot":17,"minecraft:cobbled_deepslate":68,"minecraft:cherry_log":3,"minecraft:orange_terracotta":4,"minecraft:iron_leggings":1,"minecraft:crimson_stem":10,"minecraft:water_bucket":29,"minecraft:glass_bottle":1,"minecraft:baked_potato":9,"minecraft:polished_blackstone_bricks":77,"minecraft:gilded_blackstone":2,"minecraft:terracotta":14,"minecraft:tnt":1,"minecraft:crafting_table":17,"minecraft:white_bed":1,"minecraft:spruce_log":8,"minecraft:diamond_pickaxe":3581,"minecraft:cracked_polished_blackstone_bricks":9,"minecraft:suspicious_stew":2,"minecraft:iron_pickaxe":254,"minecraft:spruce_sapling":4,"minecraft:stone_axe":74,"minecraft:cobblestone":41,"minecraft:potion":1,"minecraft:cooked_porkchop":17,"minecraft:bucket":32,"minecraft:diamond_leggings":1}},"DataVersion":3839}