{"stats":{"minecraft:killed":{"minecraft:witch":1,"minecraft:spider":10,"minecraft:skeleton":17,"minecraft:chicken":1,"minecraft:drowned":1,"minecraft:piglin_brute":4,"minecraft:magma_cube":3,"minecraft:piglin":3,"minecraft:zombie_villager":1,"minecraft:salmon":68,"minecraft:hoglin":7,"minecraft:zombie":19,"minecraft:wither_skeleton":2,"minecraft:blaze":44,"minecraft:enderman":2},"minecraft:used":{"minecraft:red_sand":1,"minecraft:flint_and_steel":1,"minecraft:shield":75,"minecraft:white_terracotta":1,"minecraft:cooked_salmon":46,"minecraft:rotten_flesh":12,"minecraft:netherrack":481,"minecraft:iron_chestplate":1,"minecraft:torch":12,"minecraft:dirt":12,"minecraft:carrot":2,"minecraft:granite":11,"minecraft:obsidian":17,"minecraft:dark_oak_planks":27,"minecraft:wooden_axe":6,"minecraft:iron_helmet":1,"minecraft:crimson_planks":11,"minecraft:basalt":5,"minecraft:diamond_chestplate":1,"minecraft:golden_carrot":9,"minecraft:furnace":3,"minecraft:cooked_cod":2,"minecraft:cobbled_deepslate":68,"minecraft:orange_terracotta":4,"minecraft:iron_leggings":1,"minecraft:crimson_stem":10,"minecraft:water_bucket":24,"minecraft:diorite":3,"minecraft:diamond_boots":1,"minecraft:blackstone":1,"minecraft:baked_potato":9,"minecraft:wooden_pickaxe":33,"minecraft:diamond_axe":375,"minecraft:gilded_blackstone":2,"minecraft:polished_blackstone_bricks":6,"minecraft:sand":10,"minecraft:terracotta":14,"minecraft:yellow_terracotta":1,"minecraft:tnt":1,"minecraft:crafting_table":16,"minecraft:diamond_pickaxe":3297,"minecraft:dark_oak_log":1,"minecraft:cracked_polished_blackstone_bricks":4,"minecraft:bread":1,"minecraft:iron_pickaxe":254,"minecraft:suspicious_stew":1,"minecraft:red_terracotta":3,"minecraft:gravel":1,"minecraft:golden_helmet":1,"minecraft:stone_axe":74,"minecraft:fire_charge":2,"minecraft:wooden_sword":6,"minecraft:cobblestone":41,"minecraft:cooked_porkchop":11,"minecraft:bucket":27,"minecraft:oak_boat":8,"minecraft:golden_pickaxe":320,"minecraft:diamond_leggings":1},"minecraft:custom":{"minecraft:mob_kills":189,"minecraft:interact_with_crafting_table":41,"minecraft:leave_game":7,"minecraft:time_since_death":9568,"minecraft:climb_one_cm":746,"minecraft:sprint_one_cm":504367,"minecraft:walk_one_cm":295534,"minecraft:damage_blocked_by_shield":3611,"minecraft:drop":85,"minecraft:play_time":243560,"minecraft:deaths":2,"minecraft:sneak_time":29303,"minecraft:walk_under_water_one_cm":52746,"minecraft:boat_one_cm":101434,"minecraft:jump":3947,"minecraft:walk_on_water_one_cm":35768,"minecraft:total_world_time":243560,"minecraft:interact_with_furnace":49,"minecraft:time_since_rest":9588,"minecraft:damage_taken":5812,"minecraft:damage_dealt":29142,"minecraft:swim_one_cm":99620,"minecraft:fly_one_cm":567505,"minecraft:open_chest":19,"minecraft:crouch_one_cm":68046,"minecraft:fall_one_cm":104345},"minecraft:picked_up":{"minecraft:crafting_table":12,"minecraft:wheat":2,"minecraft:nether_wart":40,"minecraft:chicken":1,"minecraft:nether_brick_fence":2,"minecraft:wooden_pickaxe":1,"minecraft:gold_block":19,"minecraft:string":7,"minecraft:polished_blackstone_brick_stairs":1,"minecraft:flint_and_steel":1,"minecraft:iron_leggings":2,"minecraft:blackstone":7,"minecraft:red_sand":1,"minecraft:cobbled_deepslate":69,"minecraft:oak_boat":9,"minecraft:furnace":3,"minecraft:stick":9,"minecraft:raw_iron":22,"minecraft:torch":11,"minecraft:porkchop":19,"minecraft:polished_blackstone_bricks":6,"minecraft:diorite":3,"minecraft:dark_oak_planks":12,"minecraft:weeping_vines":8,"minecraft:arrow":15,"minecraft:rotten_flesh":15,"minecraft:cooked_cod":5,"minecraft:nether_bricks":5,"minecraft:yellow_terracotta":1,"minecraft:white_terracotta":1,"minecraft:blaze_rod":18,"minecraft:obsidian":13,"minecraft:cobblestone":51,"minecraft:birch_log":6,"minecraft:feather":2,"minecraft:basalt":5,"minecraft:crimson_stem":30,"minecraft:salmon":100,"minecraft:leather":6,"minecraft:golden_leggings":2,"minecraft:oak_log":5,"minecraft:ancient_debris":39,"minecraft:dirt":12,"minecraft:lapis_lazuli":19,"minecraft:orange_terracotta":4,"minecraft:bone":17,"minecraft:bow":1,"minecraft:raw_gold":8,"minecraft:cooked_porkchop":18,"minecraft:gravel":1,"minecraft:stripped_crimson_stem":1,"minecraft:sand":10,"minecraft:red_terracotta":3,"minecraft:crying_obsidian":1,"minecraft:dark_oak_log":5,"minecraft:light_gray_terracotta":1,"minecraft:diamond":75,"minecraft:cracked_polished_blackstone_bricks":6,"minecraft:granite":13,"minecraft:bone_meal":1,"minecraft:terracotta":14,"minecraft:netherrack":1501,"minecraft:coal":36,"minecraft:diamond_pickaxe":1},"minecraft:dropped":{"minecraft:crafting_table":1,"minecraft:cooked_porkchop":19,"minecraft:feather":2,"minecraft:weeping_vines":8,"minecraft:poisonous_potato":3,"minecraft:golden_axe":1,"minecraft:iron_helmet":1,"minecraft:granite":2,"minecraft:stick":2,"minecraft:flint":3,"minecraft:polished_blackstone_brick_stairs":1,"minecraft:torch":3,"minecraft:wooden_axe":1,"minecraft:cooked_cod":5,"minecraft:wooden_sword":1,"minecraft:iron_leggings":3,"minecraft:bone_meal":1,"minecraft:gilded_blackstone":3,"minecraft:golden_hoe":1,"minecraft:string":7,"minecraft:tripwire_hook":3,"minecraft:gold_ingot":3,"minecraft:bone":1,"minecraft:blackstone":6,"minecraft:bowl":1,"minecraft:light_gray_terracotta":1,"minecraft:obsidian":4,"minecraft:wheat":4,"minecraft:rotten_flesh":3,"minecraft:nether_brick_fence":2,"minecraft:nether_bricks":5,"minecraft:flint_and_steel":1,"minecraft:filled_map":1,"minecraft:gunpowder":4,"minecraft:diamond_pickaxe":1,"minecraft:golden_leggings":3,"minecraft:oak_boat":1,"minecraft:bow":1,"minecraft:wooden_pickaxe":3,"minecraft:crying_obsidian":1,"minecraft:netherrack":991},"minecraft:crafted":{"minecraft:wooden_sword":1,"minecraft:oak_planks":20,"minecraft:cooked_chicken":1,"minecraft:furnace":1,"minecraft:flint_and_steel":1,"minecraft:diamond_leggings":1,"minecraft:diamond_boots":1,"minecraft:dark_oak_planks":24,"minecraft:golden_helmet":2,"minecraft:crimson_planks":84,"minecraft:cooked_porkchop":19,"minecraft:diamond_axe":1,"minecraft:crafting_table":5,"minecraft:wooden_pickaxe":2,"minecraft:baked_potato":9,"minecraft:iron_helmet":1,"minecraft:golden_pickaxe":10,"minecraft:cooked_salmon":68,"minecraft:gold_block":2,"minecraft:bucket":1,"minecraft:birch_planks":24,"minecraft:stone_axe":1,"minecraft:bread":1,"minecraft:air":0,"minecraft:oak_boat":1,"minecraft:iron_chestplate":1,"minecraft:diamond_pickaxe":3,"minecraft:shield":2,"minecraft:stick":36,"minecraft:iron_ingot":27,"minecraft:iron_pickaxe":1,"minecraft:wooden_axe":1,"minecraft:iron_leggings":1,"minecraft:gold_ingot":44,"minecraft:torch":4,"minecraft:diamond_chestplate":1},"minecraft:mined":{"minecraft:dark_oak_planks":12,"minecraft:yellow_terracotta":1,"minecraft:crying_obsidian":1,"minecraft:tuff":1,"minecraft:deepslate_diamond_ore":52,"minecraft:dark_oak_log":5,"minecraft:obsidian":9,"minecraft:nether_bricks":23,"minecraft:granite":13,"minecraft:red_sand":1,"minecraft:grass_block":12,"minecraft:crimson_roots":5,"minecraft:cracked_polished_blackstone_bricks":21,"minecraft:weeping_vines":3,"minecraft:nether_wart":40,"minecraft:crimson_stem":30,"minecraft:spawner":1,"minecraft:tall_seagrass":2,"minecraft:weeping_vines_plant":1,"minecraft:polished_blackstone_bricks":21,"minecraft:magma_block":12,"minecraft:furnace":3,"minecraft:iron_ore":12,"minecraft:fire":16,"minecraft:andesite":3,"minecraft:deepslate_lapis_ore":3,"minecraft:gold_block":19,"minecraft:nether_brick_fence":2,"minecraft:deepslate_iron_ore":9,"minecraft:stone":46,"minecraft:player_head":2,"minecraft:blackstone":41,"minecraft:crimson_nylium":37,"minecraft:basalt":6,"minecraft:orange_terracotta":6,"minecraft:crafting_table":11,"minecraft:torch":8,"minecraft:light_gray_terracotta":1,"minecraft:dead_bush":12,"minecraft:nether_quartz_ore":15,"minecraft:cobblestone":7,"minecraft:polished_blackstone_brick_stairs":2,"minecraft:diorite":3,"minecraft:wall_torch":3,"minecraft:white_terracotta":2,"minecraft:red_terracotta":3,"minecraft:nether_wart_block":1,"minecraft:birch_log":6,"minecraft:oak_log":5,"minecraft:coal_ore":21,"minecraft:dirt":2,"minecraft:gravel":2,"minecraft:sand":10,"minecraft:terracotta":15,"minecraft:ancient_debris":39,"minecraft:netherrack":3345,"minecraft:stripped_crimson_stem":1,"minecraft:gold_ore":8,"minecraft:fern":1,"minecraft:deepslate":55},"minecraft:broken":{"minecraft:golden_helmet":1,"minecraft:shield":1,"minecraft:diamond_pickaxe":2,"minecraft:leather_boots":1,"minecraft:stone_axe":1,"minecraft:iron_pickaxe":1,"minecraft:golden_pickaxe":10}},"DataVersion":3839}