{"stats":{"minecraft:mined":{"minecraft:dark_oak_planks":12,"minecraft:yellow_terracotta":1,"minecraft:crying_obsidian":1,"minecraft:tuff":1,"minecraft:deepslate_diamond_ore":52,"minecraft:dark_oak_log":5,"minecraft:obsidian":9,"minecraft:nether_bricks":23,"minecraft:granite":13,"minecraft:weeping_vines":3,"minecraft:crimson_roots":5,"minecraft:cracked_polished_blackstone_bricks":6,"minecraft:nether_wart":40,"minecraft:crimson_stem":4,"minecraft:spawner":1,"minecraft:tall_seagrass":2,"minecraft:weeping_vines_plant":1,"minecraft:polished_blackstone_bricks":5,"minecraft:furnace":2,"minecraft:fire":15,"minecraft:iron_ore":12,"minecraft:andesite":3,"minecraft:deepslate_lapis_ore":3,"minecraft:gold_block":19,"minecraft:nether_brick_fence":2,"minecraft:deepslate_iron_ore":9,"minecraft:stone":46,"minecraft:blackstone":3,"minecraft:crimson_nylium":34,"minecraft:orange_terracotta":6,"minecraft:crafting_table":9,"minecraft:torch":8,"minecraft:light_gray_terracotta":1,"minecraft:dead_bush":9,"minecraft:cobblestone":7,"minecraft:polished_blackstone_brick_stairs":1,"minecraft:diorite":3,"minecraft:wall_torch":3,"minecraft:white_terracotta":2,"minecraft:red_terracotta":3,"minecraft:nether_wart_block":1,"minecraft:oak_log":5,"minecraft:coal_ore":21,"minecraft:sand":10,"minecraft:terracotta":15,"minecraft:netherrack":275,"minecraft:stripped_crimson_stem":1,"minecraft:gold_ore":8,"minecraft:fern":1,"minecraft:deepslate":55},"minecraft:broken":{"minecraft:golden_helmet":1,"minecraft:shield":1,"minecraft:leather_boots":1,"minecraft:stone_axe":1,"minecraft:iron_pickaxe":1},"minecraft:dropped":{"minecraft:cooked_porkchop":1,"minecraft:weeping_vines":8,"minecraft:feather":2,"minecraft:poisonous_potato":3,"minecraft:golden_axe":1,"minecraft:granite":2,"minecraft:flint":3,"minecraft:stick":2,"minecraft:polished_blackstone_brick_stairs":1,"minecraft:torch":3,"minecraft:wooden_axe":1,"minecraft:iron_leggings":3,"minecraft:gilded_blackstone":3,"minecraft:bone_meal":1,"minecraft:string":7,"minecraft:tripwire_hook":3,"minecraft:bone":1,"minecraft:gold_ingot":2,"minecraft:blackstone":6,"minecraft:bowl":1,"minecraft:light_gray_terracotta":1,"minecraft:wheat":4,"minecraft:rotten_flesh":3,"minecraft:nether_brick_fence":2,"minecraft:nether_bricks":5,"minecraft:filled_map":1,"minecraft:gunpowder":4,"minecraft:golden_leggings":3,"minecraft:oak_boat":1,"minecraft:bow":1,"minecraft:wooden_pickaxe":1,"minecraft:crying_obsidian":1,"minecraft:netherrack":3},"minecraft:custom":{"minecraft:mob_kills":177,"minecraft:interact_with_crafting_table":29,"minecraft:leave_game":3,"minecraft:time_since_death":150881,"minecraft:climb_one_cm":614,"minecraft:sprint_one_cm":368112,"minecraft:walk_one_cm":146498,"minecraft:damage_blocked_by_shield":3506,"minecraft:drop":52,"minecraft:play_time":150881,"minecraft:sneak_time":14219,"minecraft:walk_under_water_one_cm":51901,"minecraft:boat_one_cm":99548,"minecraft:jump":3083,"minecraft:walk_on_water_one_cm":35075,"minecraft:total_world_time":150881,"minecraft:interact_with_furnace":46,"minecraft:time_since_rest":150881,"minecraft:damage_taken":4471,"minecraft:damage_dealt":25424,"minecraft:swim_one_cm":96068,"minecraft:fly_one_cm":487328,"minecraft:open_chest":19,"minecraft:crouch_one_cm":35184,"minecraft:fall_one_cm":88388},"minecraft:killed":{"minecraft:witch":1,"minecraft:spider":10,"minecraft:skeleton":17,"minecraft:chicken":1,"minecraft:drowned":1,"minecraft:magma_cube":3,"minecraft:piglin":1,"minecraft:zombie_villager":1,"minecraft:salmon":68,"minecraft:hoglin":6,"minecraft:zombie":19,"minecraft:wither_skeleton":2,"minecraft:blaze":41,"minecraft:enderman":2},"minecraft:used":{"minecraft:shield":72,"minecraft:white_terracotta":1,"minecraft:cooked_salmon":45,"minecraft:rotten_flesh":12,"minecraft:netherrack":218,"minecraft:iron_chestplate":1,"minecraft:torch":12,"minecraft:carrot":2,"minecraft:granite":11,"minecraft:obsidian":7,"minecraft:wooden_axe":6,"minecraft:dark_oak_planks":27,"minecraft:iron_helmet":1,"minecraft:diamond_chestplate":1,"minecraft:golden_carrot":9,"minecraft:furnace":3,"minecraft:cobbled_deepslate":68,"minecraft:orange_terracotta":4,"minecraft:iron_leggings":1,"minecraft:water_bucket":24,"minecraft:diorite":3,"minecraft:diamond_boots":1,"minecraft:baked_potato":9,"minecraft:wooden_pickaxe":6,"minecraft:diamond_axe":309,"minecraft:polished_blackstone_bricks":5,"minecraft:gilded_blackstone":2,"minecraft:sand":10,"minecraft:terracotta":14,"minecraft:yellow_terracotta":1,"minecraft:crafting_table":12,"minecraft:diamond_pickaxe":410,"minecraft:dark_oak_log":1,"minecraft:bread":1,"minecraft:suspicious_stew":1,"minecraft:iron_pickaxe":254,"minecraft:red_terracotta":3,"minecraft:gravel":1,"minecraft:golden_helmet":1,"minecraft:stone_axe":74,"minecraft:fire_charge":1,"minecraft:cobblestone":41,"minecraft:bucket":27,"minecraft:oak_boat":7,"minecraft:diamond_leggings":1},"minecraft:crafted":{"minecraft:oak_planks":20,"minecraft:cooked_chicken":1,"minecraft:furnace":1,"minecraft:diamond_leggings":1,"minecraft:diamond_boots":1,"minecraft:dark_oak_planks":24,"minecraft:golden_helmet":2,"minecraft:crimson_planks":20,"minecraft:diamond_axe":1,"minecraft:crafting_table":3,"minecraft:wooden_pickaxe":1,"minecraft:baked_potato":9,"minecraft:iron_helmet":1,"minecraft:cooked_salmon":68,"minecraft:gold_block":2,"minecraft:bucket":1,"minecraft:stone_axe":1,"minecraft:bread":1,"minecraft:air":0,"minecraft:oak_boat":1,"minecraft:iron_chestplate":1,"minecraft:diamond_pickaxe":1,"minecraft:shield":2,"minecraft:stick":8,"minecraft:iron_ingot":27,"minecraft:iron_pickaxe":1,"minecraft:wooden_axe":1,"minecraft:iron_leggings":1,"minecraft:gold_ingot":8,"minecraft:torch":4,"minecraft:diamond_chestplate":1},"minecraft:picked_up":{"minecraft:crafting_table":9,"minecraft:wheat":2,"minecraft:nether_brick_fence":2,"minecraft:chicken":1,"minecraft:nether_wart":40,"minecraft:gold_block":19,"minecraft:string":7,"minecraft:polished_blackstone_brick_stairs":1,"minecraft:iron_leggings":2,"minecraft:blackstone":6,"minecraft:cobbled_deepslate":69,"minecraft:oak_boat":8,"minecraft:furnace":2,"minecraft:stick":7,"minecraft:raw_iron":22,"minecraft:torch":11,"minecraft:porkchop":19,"minecraft:polished_blackstone_bricks":5,"minecraft:diorite":3,"minecraft:dark_oak_planks":12,"minecraft:weeping_vines":8,"minecraft:arrow":15,"minecraft:rotten_flesh":15,"minecraft:nether_bricks":5,"minecraft:yellow_terracotta":1,"minecraft:white_terracotta":1,"minecraft:blaze_rod":16,"minecraft:obsidian":9,"minecraft:cobblestone":51,"minecraft:feather":2,"minecraft:crimson_stem":4,"minecraft:salmon":100,"minecraft:leather":5,"minecraft:golden_leggings":2,"minecraft:oak_log":5,"minecraft:lapis_lazuli":19,"minecraft:orange_terracotta":4,"minecraft:bone":17,"minecraft:bow":1,"minecraft:raw_gold":8,"minecraft:stripped_crimson_stem":1,"minecraft:gravel":1,"minecraft:sand":10,"minecraft:red_terracotta":3,"minecraft:crying_obsidian":1,"minecraft:dark_oak_log":5,"minecraft:light_gray_terracotta":1,"minecraft:diamond":52,"minecraft:cracked_polished_blackstone_bricks":2,"minecraft:granite":13,"minecraft:bone_meal":1,"minecraft:terracotta":14,"minecraft:netherrack":303,"minecraft:coal":22}},"DataVersion":3839}