{"stats":{"minecraft:killed_by":{"minecraft:zombie":1},"minecraft:mined":{"minecraft:tuff":12,"minecraft:farmland":4,"minecraft:deepslate_diamond_ore":19,"minecraft:mossy_stone_brick_slab":1,"minecraft:oak_door":3,"minecraft:brewing_stand":1,"minecraft:glow_lichen":1,"minecraft:ladder":1,"minecraft:grass_block":31,"minecraft:jungle_log":3,"minecraft:sandstone":26,"minecraft:spawner":1,"minecraft:hay_block":13,"minecraft:oak_trapdoor":1,"minecraft:furnace":5,"minecraft:cobbled_deepslate":4,"minecraft:iron_ore":11,"minecraft:fire":2,"minecraft:andesite":1,"minecraft:pumpkin":3,"minecraft:gold_block":2,"minecraft:potatoes":46,"minecraft:vine":3,"minecraft:deepslate_iron_ore":3,"minecraft:rail":2,"minecraft:stone":358,"minecraft:player_head":4,"minecraft:oak_slab":3,"minecraft:glass_pane":1,"minecraft:crafting_table":9,"minecraft:torch":4,"minecraft:short_grass":29,"minecraft:melon":3,"minecraft:chest":5,"minecraft:dead_bush":6,"minecraft:cobblestone":16,"minecraft:tall_grass":2,"minecraft:oak_planks":15,"minecraft:sugar_cane":17,"minecraft:diorite":19,"minecraft:wall_torch":2,"minecraft:seagrass":2,"minecraft:yellow_bed":1,"minecraft:oak_log":120,"minecraft:coal_ore":64,"minecraft:cocoa":1,"minecraft:gravel":64,"minecraft:sand":9,"minecraft:dirt":44,"minecraft:oak_leaves":38,"minecraft:fern":1,"minecraft:deepslate":44},"minecraft:broken":{"minecraft:stone_sword":1,"minecraft:stone_axe":2,"minecraft:iron_pickaxe":2,"minecraft:wooden_hoe":1,"minecraft:bow":1},"minecraft:custom":{"minecraft:mob_kills":55,"minecraft:interact_with_crafting_table":47,"minecraft:bell_ring":7,"minecraft:leave_game":3,"minecraft:time_since_death":112012,"minecraft:climb_one_cm":13409,"minecraft:sprint_one_cm":451009,"minecraft:walk_one_cm":479016,"minecraft:damage_blocked_by_shield":1403,"minecraft:drop":57,"minecraft:talked_to_villager":22,"minecraft:play_time":257388,"minecraft:deaths":5,"minecraft:sneak_time":11208,"minecraft:walk_under_water_one_cm":41064,"minecraft:boat_one_cm":305207,"minecraft:jump":5886,"minecraft:walk_on_water_one_cm":49860,"minecraft:total_world_time":257388,"minecraft:interact_with_furnace":49,"minecraft:traded_with_villager":20,"minecraft:sleep_in_bed":4,"minecraft:time_since_rest":50177,"minecraft:damage_taken":3493,"minecraft:damage_dealt":10102,"minecraft:swim_one_cm":128592,"minecraft:fly_one_cm":766361,"minecraft:player_kills":1,"minecraft:open_chest":25,"minecraft:crouch_one_cm":28340,"minecraft:fall_one_cm":152705,"minecraft:horse_one_cm":76196},"minecraft:dropped":{"minecraft:iron_ingot":1,"minecraft:bread":9,"minecraft:oak_slab":2,"minecraft:wheat_seeds":3,"minecraft:diamond":26,"minecraft:feather":1,"minecraft:poisonous_potato":3,"minecraft:cobblestone":35,"minecraft:saddle":1,"minecraft:rail":1,"minecraft:flint":11,"minecraft:dirt":4,"minecraft:sugar":2,"minecraft:string":2,"minecraft:oak_door":1,"minecraft:raw_copper":2,"minecraft:cobbled_deepslate":2,"minecraft:cocoa_beans":6,"minecraft:mossy_stone_brick_slab":1,"minecraft:potato":5,"minecraft:iron_chestplate":1,"minecraft:wooden_pickaxe":3,"minecraft:stone_pickaxe":2},"minecraft:killed":{"minecraft:witch":2,"minecraft:spider":4,"minecraft:pufferfish":1,"minecraft:skeleton":15,"minecraft:chicken":3,"minecraft:husk":1,"minecraft:pig":1,"minecraft:zombie_villager":2,"minecraft:iron_golem":1,"minecraft:creeper":3,"minecraft:sheep":7,"minecraft:pillager":1,"minecraft:zombie":11},"minecraft:used":{"minecraft:oak_trapdoor":7,"minecraft:stone_sword":177,"minecraft:chest":4,"minecraft:shield":40,"minecraft:cooked_chicken":3,"minecraft:stone_hoe":58,"minecraft:rotten_flesh":8,"minecraft:iron_chestplate":1,"minecraft:oak_door":9,"minecraft:torch":153,"minecraft:dirt":20,"minecraft:tuff":13,"minecraft:diamond_chestplate":2,"minecraft:bow":8,"minecraft:furnace":6,"minecraft:oak_sapling":27,"minecraft:potato":113,"minecraft:cobbled_deepslate":49,"minecraft:pumpkin":1,"minecraft:water_bucket":64,"minecraft:diorite":20,"minecraft:stone_pickaxe":78,"minecraft:oak_planks":73,"minecraft:baked_potato":18,"minecraft:wooden_pickaxe":8,"minecraft:sandstone":26,"minecraft:fletching_table":2,"minecraft:sugar_cane":24,"minecraft:jungle_boat":1,"minecraft:white_wool":4,"minecraft:sand":22,"minecraft:rail":1,"minecraft:oak_slab":11,"minecraft:crafting_table":14,"minecraft:white_bed":3,"minecraft:wooden_hoe":61,"minecraft:apple":1,"minecraft:melon_slice":13,"minecraft:bread":30,"minecraft:iron_pickaxe":555,"minecraft:gravel":47,"minecraft:stone_axe":236,"minecraft:fishing_rod":1,"minecraft:cobblestone":115,"minecraft:cooked_porkchop":2,"minecraft:bucket":65,"minecraft:andesite":7,"minecraft:oak_boat":1,"minecraft:bone_meal":96,"minecraft:diamond_leggings":1},"minecraft:crafted":{"minecraft:oak_door":6,"minecraft:oak_planks":480,"minecraft:cooked_chicken":2,"minecraft:furnace":2,"minecraft:bone_meal":96,"minecraft:oak_trapdoor":6,"minecraft:diamond_helmet":1,"minecraft:diamond_leggings":1,"minecraft:diamond_boots":1,"minecraft:stone_hoe":1,"minecraft:wheat":117,"minecraft:oak_slab":6,"minecraft:emerald":20,"minecraft:cooked_porkchop":1,"minecraft:crafting_table":6,"minecraft:jungle_boat":1,"minecraft:wooden_pickaxe":1,"minecraft:baked_potato":18,"minecraft:fletching_table":2,"minecraft:stone_axe":2,"minecraft:bread":49,"minecraft:jungle_planks":12,"minecraft:oak_boat":1,"minecraft:white_wool":3,"minecraft:iron_chestplate":1,"minecraft:wooden_hoe":1,"minecraft:shield":1,"minecraft:stick":680,"minecraft:iron_ingot":12,"minecraft:iron_pickaxe":3,"minecraft:stone_sword":2,"minecraft:gold_ingot":18,"minecraft:white_bed":2,"minecraft:torch":132,"minecraft:diamond_chestplate":1},"minecraft:picked_up":{"minecraft:cocoa_beans":6,"minecraft:crafting_table":8,"minecraft:wheat":1,"minecraft:chicken":4,"minecraft:ladder":1,"minecraft:wooden_pickaxe":2,"minecraft:gold_block":2,"minecraft:brewing_stand":2,"minecraft:oak_trapdoor":1,"minecraft:string":12,"minecraft:raw_copper":2,"minecraft:cobbled_deepslate":68,"minecraft:oak_boat":4,"minecraft:player_head":1,"minecraft:iron_pickaxe":1,"minecraft:chest":5,"minecraft:melon_slice":13,"minecraft:sugar_cane":27,"minecraft:furnace":6,"minecraft:stick":24,"minecraft:raw_iron":12,"minecraft:sandstone":26,"minecraft:oak_door":6,"minecraft:torch":22,"minecraft:porkchop":3,"minecraft:diorite":20,"minecraft:arrow":21,"minecraft:rotten_flesh":10,"minecraft:hay_block":13,"minecraft:mutton":11,"minecraft:cobblestone":378,"minecraft:rail":4,"minecraft:white_wool":7,"minecraft:feather":1,"minecraft:jungle_log":3,"minecraft:andesite":7,"minecraft:potato":158,"minecraft:flint":17,"minecraft:tuff":13,"minecraft:oak_log":120,"minecraft:yellow_bed":1,"minecraft:gunpowder":2,"minecraft:dirt":82,"minecraft:bone":33,"minecraft:apple":4,"minecraft:bow":3,"minecraft:wheat_seeds":4,"minecraft:iron_ingot":3,"minecraft:stone_pickaxe":2,"minecraft:cooked_chicken":1,"minecraft:oak_planks":23,"minecraft:oak_slab":7,"minecraft:cooked_porkchop":1,"minecraft:pumpkin":1,"minecraft:poisonous_potato":3,"minecraft:gravel":56,"minecraft:sand":22,"minecraft:white_bed":1,"minecraft:mossy_stone_brick_slab":1,"minecraft:sugar":2,"minecraft:diamond":50,"minecraft:oak_sapling":27,"minecraft:coal":133,"minecraft:ender_pearl":1}},"DataVersion":3839}