{"stats":{"minecraft:killed":{"minecraft:witch":2,"minecraft:spider":6,"minecraft:pufferfish":1,"minecraft:skeleton":15,"minecraft:chicken":3,"minecraft:husk":1,"minecraft:pig":1,"minecraft:zombie_villager":2,"minecraft:iron_golem":1,"minecraft:creeper":4,"minecraft:sheep":7,"minecraft:pillager":1,"minecraft:zombie":23},"minecraft:used":{"minecraft:oak_trapdoor":7,"minecraft:stone_sword":262,"minecraft:chest":4,"minecraft:shield":40,"minecraft:player_head":1,"minecraft:cooked_chicken":3,"minecraft:stone_hoe":63,"minecraft:rotten_flesh":8,"minecraft:iron_chestplate":1,"minecraft:oak_door":12,"minecraft:torch":155,"minecraft:dirt":20,"minecraft:tuff":13,"minecraft:iron_axe":107,"minecraft:diamond_chestplate":2,"minecraft:bow":13,"minecraft:oak_sapling":58,"minecraft:furnace":6,"minecraft:potato":231,"minecraft:cobbled_deepslate":49,"minecraft:pumpkin":1,"minecraft:water_bucket":76,"minecraft:diorite":20,"minecraft:stone_pickaxe":78,"minecraft:oak_planks":74,"minecraft:baked_potato":20,"minecraft:wooden_pickaxe":8,"minecraft:sandstone":26,"minecraft:sugar_cane":42,"minecraft:fletching_table":2,"minecraft:jungle_boat":1,"minecraft:white_wool":4,"minecraft:sand":22,"minecraft:rail":1,"minecraft:oak_slab":11,"minecraft:crafting_table":14,"minecraft:white_bed":5,"minecraft:oak_log":1,"minecraft:wooden_hoe":61,"minecraft:apple":1,"minecraft:bread":49,"minecraft:melon_slice":13,"minecraft:iron_pickaxe":576,"minecraft:gravel":47,"minecraft:stone_axe":236,"minecraft:fishing_rod":1,"minecraft:cobblestone":123,"minecraft:cooked_porkchop":2,"minecraft:bucket":76,"minecraft:andesite":7,"minecraft:oak_boat":2,"minecraft:bone_meal":96,"minecraft:diamond_leggings":1},"minecraft:killed_by":{"minecraft:zombie":2},"minecraft:custom":{"minecraft:mob_kills":70,"minecraft:interact_with_crafting_table":53,"minecraft:bell_ring":7,"minecraft:leave_game":6,"minecraft:time_since_death":83081,"minecraft:climb_one_cm":13409,"minecraft:sprint_one_cm":685395,"minecraft:walk_one_cm":740706,"minecraft:damage_blocked_by_shield":1403,"minecraft:drop":67,"minecraft:talked_to_villager":28,"minecraft:play_time":343284,"minecraft:deaths":6,"minecraft:sneak_time":12492,"minecraft:walk_under_water_one_cm":45508,"minecraft:boat_one_cm":305207,"minecraft:jump":7656,"minecraft:walk_on_water_one_cm":66705,"minecraft:total_world_time":343284,"minecraft:interact_with_furnace":61,"minecraft:traded_with_villager":43,"minecraft:sleep_in_bed":9,"minecraft:time_since_rest":12873,"minecraft:damage_taken":4634,"minecraft:damage_dealt":12784,"minecraft:swim_one_cm":137707,"minecraft:fly_one_cm":995542,"minecraft:player_kills":3,"minecraft:open_chest":34,"minecraft:crouch_one_cm":28768,"minecraft:fall_one_cm":200759,"minecraft:horse_one_cm":76196},"minecraft:picked_up":{"minecraft:cocoa_beans":6,"minecraft:crafting_table":8,"minecraft:wheat":1,"minecraft:chicken":4,"minecraft:ladder":1,"minecraft:wooden_pickaxe":2,"minecraft:gold_block":2,"minecraft:brewing_stand":2,"minecraft:oak_trapdoor":1,"minecraft:string":16,"minecraft:raw_copper":2,"minecraft:cobbled_deepslate":68,"minecraft:oak_boat":4,"minecraft:player_head":1,"minecraft:iron_pickaxe":1,"minecraft:chest":5,"minecraft:melon_slice":13,"minecraft:sugar_cane":45,"minecraft:furnace":6,"minecraft:stick":51,"minecraft:raw_iron":24,"minecraft:sandstone":26,"minecraft:oak_door":6,"minecraft:torch":23,"minecraft:porkchop":3,"minecraft:diorite":20,"minecraft:rotten_flesh":23,"minecraft:arrow":21,"minecraft:hay_block":13,"minecraft:mutton":11,"minecraft:cobblestone":381,"minecraft:rail":4,"minecraft:white_wool":18,"minecraft:stripped_oak_log":2,"minecraft:feather":1,"minecraft:jungle_log":3,"minecraft:andesite":7,"minecraft:potato":402,"minecraft:flint":17,"minecraft:tuff":13,"minecraft:oak_log":214,"minecraft:yellow_bed":1,"minecraft:gunpowder":3,"minecraft:dirt":96,"minecraft:bone":33,"minecraft:apple":4,"minecraft:bow":3,"minecraft:wheat_seeds":5,"minecraft:iron_ingot":14,"minecraft:stone_pickaxe":2,"minecraft:cooked_chicken":1,"minecraft:oak_planks":26,"minecraft:oak_slab":7,"minecraft:cooked_porkchop":1,"minecraft:pumpkin":1,"minecraft:gravel":56,"minecraft:poisonous_potato":3,"minecraft:sand":22,"minecraft:white_bed":3,"minecraft:mossy_stone_brick_slab":1,"minecraft:sugar":2,"minecraft:diamond":50,"minecraft:baked_potato":13,"minecraft:netherrack":1,"minecraft:oak_sapling":58,"minecraft:coal":133,"minecraft:ender_pearl":1},"minecraft:dropped":{"minecraft:iron_ingot":12,"minecraft:bread":9,"minecraft:oak_slab":2,"minecraft:wheat_seeds":5,"minecraft:baked_potato":13,"minecraft:diamond":26,"minecraft:feather":1,"minecraft:poisonous_potato":3,"minecraft:cobblestone":35,"minecraft:saddle":1,"minecraft:rail":1,"minecraft:flint":11,"minecraft:dirt":17,"minecraft:sugar":2,"minecraft:string":2,"minecraft:oak_door":1,"minecraft:raw_copper":2,"minecraft:cobbled_deepslate":2,"minecraft:cocoa_beans":6,"minecraft:rotten_flesh":5,"minecraft:mossy_stone_brick_slab":1,"minecraft:potato":71,"minecraft:iron_chestplate":1,"minecraft:ladder":1,"minecraft:wooden_pickaxe":3,"minecraft:stone_pickaxe":2},"minecraft:crafted":{"minecraft:oak_door":9,"minecraft:oak_planks":860,"minecraft:cooked_chicken":2,"minecraft:furnace":2,"minecraft:bone_meal":96,"minecraft:oak_trapdoor":6,"minecraft:diamond_helmet":1,"minecraft:diamond_leggings":1,"minecraft:iron_axe":1,"minecraft:diamond_boots":1,"minecraft:stone_hoe":1,"minecraft:wheat":117,"minecraft:oak_slab":6,"minecraft:emerald":43,"minecraft:cooked_porkchop":1,"minecraft:crafting_table":6,"minecraft:jungle_boat":1,"minecraft:wooden_pickaxe":1,"minecraft:baked_potato":53,"minecraft:fletching_table":2,"minecraft:stone_axe":2,"minecraft:bread":49,"minecraft:jungle_planks":12,"minecraft:oak_boat":1,"minecraft:white_wool":3,"minecraft:iron_chestplate":1,"minecraft:wooden_hoe":1,"minecraft:shield":1,"minecraft:stick":1396,"minecraft:iron_ingot":24,"minecraft:iron_pickaxe":3,"minecraft:stone_sword":2,"minecraft:gold_ingot":18,"minecraft:white_bed":5,"minecraft:torch":132,"minecraft:shears":1,"minecraft:diamond_chestplate":1},"minecraft:mined":{"minecraft:tuff":12,"minecraft:white_bed":3,"minecraft:oak_sapling":2,"minecraft:farmland":4,"minecraft:deepslate_diamond_ore":19,"minecraft:oak_door":3,"minecraft:mossy_stone_brick_slab":1,"minecraft:brewing_stand":1,"minecraft:glow_lichen":1,"minecraft:ladder":1,"minecraft:grass_block":39,"minecraft:jungle_log":3,"minecraft:sandstone":26,"minecraft:spawner":1,"minecraft:hay_block":13,"minecraft:oak_trapdoor":1,"minecraft:furnace":5,"minecraft:fire":2,"minecraft:iron_ore":23,"minecraft:cobbled_deepslate":4,"minecraft:andesite":1,"minecraft:pumpkin":3,"minecraft:gold_block":2,"minecraft:potatoes":114,"minecraft:deepslate_iron_ore":3,"minecraft:vine":3,"minecraft:rail":2,"minecraft:stripped_oak_log":2,"minecraft:stone":360,"minecraft:player_head":5,"minecraft:oak_slab":3,"minecraft:glass_pane":1,"minecraft:crafting_table":9,"minecraft:torch":4,"minecraft:short_grass":34,"minecraft:melon":3,"minecraft:chest":5,"minecraft:dead_bush":6,"minecraft:cobblestone":17,"minecraft:tall_grass":3,"minecraft:sugar_cane":35,"minecraft:oak_planks":15,"minecraft:diorite":19,"minecraft:wall_torch":3,"minecraft:seagrass":2,"minecraft:yellow_bed":1,"minecraft:oak_log":214,"minecraft:coal_ore":64,"minecraft:cocoa":1,"minecraft:gravel":64,"minecraft:sand":9,"minecraft:dirt":44,"minecraft:oak_leaves":54,"minecraft:fern":1,"minecraft:deepslate":44},"minecraft:broken":{"minecraft:stone_sword":2,"minecraft:stone_axe":2,"minecraft:iron_pickaxe":3,"minecraft:wooden_hoe":1,"minecraft:bow":1}},"DataVersion":3839}