{"stats":{"minecraft:killed":{"minecraft:witch":2,"minecraft:spider":6,"minecraft:pufferfish":1,"minecraft:skeleton":15,"minecraft:chicken":3,"minecraft:husk":1,"minecraft:pig":1,"minecraft:zombie_villager":2,"minecraft:iron_golem":1,"minecraft:creeper":4,"minecraft:sheep":7,"minecraft:pillager":1,"minecraft:zombie":28},"minecraft:dropped":{"minecraft:iron_ingot":17,"minecraft:bread":9,"minecraft:oak_slab":2,"minecraft:wheat_seeds":5,"minecraft:baked_potato":21,"minecraft:diamond":26,"minecraft:feather":1,"minecraft:poisonous_potato":3,"minecraft:cobblestone":35,"minecraft:saddle":1,"minecraft:rail":1,"minecraft:flint":11,"minecraft:dirt":17,"minecraft:sugar":2,"minecraft:string":2,"minecraft:oak_door":1,"minecraft:raw_copper":2,"minecraft:cobbled_deepslate":2,"minecraft:cocoa_beans":6,"minecraft:wheat":2,"minecraft:rotten_flesh":13,"minecraft:mossy_stone_brick_slab":1,"minecraft:potato":392,"minecraft:shield":4,"minecraft:iron_chestplate":1,"minecraft:ladder":1,"minecraft:wooden_pickaxe":3,"minecraft:stone_pickaxe":2},"minecraft:broken":{"minecraft:stone_sword":2,"minecraft:stone_axe":2,"minecraft:iron_pickaxe":3,"minecraft:wooden_hoe":1,"minecraft:bow":2},"minecraft:killed_by":{"minecraft:zombie":2},"minecraft:crafted":{"minecraft:oak_door":9,"minecraft:oak_planks":860,"minecraft:cooked_chicken":2,"minecraft:furnace":2,"minecraft:bone_meal":96,"minecraft:oak_trapdoor":6,"minecraft:diamond_helmet":1,"minecraft:diamond_leggings":1,"minecraft:iron_axe":1,"minecraft:diamond_boots":1,"minecraft:stone_hoe":1,"minecraft:wheat":117,"minecraft:oak_slab":6,"minecraft:emerald":44,"minecraft:cooked_porkchop":1,"minecraft:crafting_table":6,"minecraft:jungle_boat":1,"minecraft:wooden_pickaxe":1,"minecraft:baked_potato":82,"minecraft:fletching_table":2,"minecraft:stone_axe":2,"minecraft:bread":49,"minecraft:jungle_planks":12,"minecraft:oak_boat":1,"minecraft:white_wool":3,"minecraft:iron_chestplate":1,"minecraft:wooden_hoe":1,"minecraft:shield":1,"minecraft:stick":1412,"minecraft:iron_ingot":24,"minecraft:iron_pickaxe":3,"minecraft:stone_sword":2,"minecraft:gold_ingot":18,"minecraft:white_bed":5,"minecraft:torch":132,"minecraft:shears":1,"minecraft:diamond_chestplate":1},"minecraft:picked_up":{"minecraft:cocoa_beans":6,"minecraft:crafting_table":8,"minecraft:wheat":3,"minecraft:chicken":4,"minecraft:ladder":1,"minecraft:wooden_pickaxe":2,"minecraft:gold_block":2,"minecraft:brewing_stand":2,"minecraft:shield":4,"minecraft:string":16,"minecraft:oak_trapdoor":1,"minecraft:raw_copper":2,"minecraft:cobbled_deepslate":68,"minecraft:oak_boat":4,"minecraft:player_head":1,"minecraft:iron_pickaxe":1,"minecraft:melon_slice":13,"minecraft:sugar_cane":45,"minecraft:chest":5,"minecraft:furnace":6,"minecraft:stick":51,"minecraft:raw_iron":24,"minecraft:sandstone":26,"minecraft:oak_door":6,"minecraft:torch":24,"minecraft:porkchop":3,"minecraft:diorite":20,"minecraft:arrow":21,"minecraft:rotten_flesh":27,"minecraft:hay_block":13,"minecraft:mutton":11,"minecraft:rail":4,"minecraft:white_wool":18,"minecraft:cobblestone":383,"minecraft:stripped_oak_log":2,"minecraft:feather":1,"minecraft:andesite":7,"minecraft:jungle_log":3,"minecraft:potato":928,"minecraft:flint":17,"minecraft:tuff":13,"minecraft:oak_log":214,"minecraft:yellow_bed":1,"minecraft:gunpowder":3,"minecraft:dirt":97,"minecraft:bone":33,"minecraft:apple":4,"minecraft:bow":3,"minecraft:wheat_seeds":7,"minecraft:iron_ingot":14,"minecraft:stone_pickaxe":2,"minecraft:cooked_chicken":1,"minecraft:fletching_table":3,"minecraft:oak_planks":37,"minecraft:oak_slab":7,"minecraft:cooked_porkchop":1,"minecraft:pumpkin":1,"minecraft:oak_pressure_plate":1,"minecraft:poisonous_potato":3,"minecraft:gravel":56,"minecraft:sand":22,"minecraft:white_bed":6,"minecraft:green_carpet":3,"minecraft:mossy_stone_brick_slab":1,"minecraft:sugar":2,"minecraft:diamond":50,"minecraft:baked_potato":13,"minecraft:oak_sapling":59,"minecraft:netherrack":1,"minecraft:coal":133,"minecraft:ender_pearl":1},"minecraft:mined":{"minecraft:tuff":12,"minecraft:white_bed":6,"minecraft:oak_sapling":2,"minecraft:farmland":4,"minecraft:deepslate_diamond_ore":19,"minecraft:oak_door":3,"minecraft:mossy_stone_brick_slab":1,"minecraft:brewing_stand":1,"minecraft:glow_lichen":1,"minecraft:ladder":1,"minecraft:grass_block":40,"minecraft:jungle_log":3,"minecraft:oak_pressure_plate":1,"minecraft:sandstone":26,"minecraft:spawner":1,"minecraft:hay_block":13,"minecraft:oak_trapdoor":1,"minecraft:furnace":5,"minecraft:fire":2,"minecraft:iron_ore":23,"minecraft:cobbled_deepslate":4,"minecraft:andesite":1,"minecraft:pumpkin":3,"minecraft:fletching_table":3,"minecraft:gold_block":2,"minecraft:potatoes":232,"minecraft:vine":3,"minecraft:deepslate_iron_ore":3,"minecraft:rail":2,"minecraft:green_carpet":3,"minecraft:stripped_oak_log":2,"minecraft:stone":360,"minecraft:player_head":5,"minecraft:oak_slab":3,"minecraft:glass_pane":1,"minecraft:crafting_table":9,"minecraft:torch":4,"minecraft:short_grass":44,"minecraft:melon":3,"minecraft:chest":5,"minecraft:dead_bush":6,"minecraft:cobblestone":19,"minecraft:tall_grass":4,"minecraft:sugar_cane":35,"minecraft:oak_planks":27,"minecraft:diorite":19,"minecraft:wall_torch":4,"minecraft:seagrass":2,"minecraft:wheat":1,"minecraft:yellow_bed":1,"minecraft:oak_log":214,"minecraft:coal_ore":64,"minecraft:cocoa":1,"minecraft:gravel":64,"minecraft:sand":9,"minecraft:dirt":44,"minecraft:oak_leaves":57,"minecraft:fern":1,"minecraft:deepslate":44},"minecraft:used":{"minecraft:oak_trapdoor":7,"minecraft:stone_sword":262,"minecraft:chest":4,"minecraft:shield":46,"minecraft:player_head":1,"minecraft:cooked_chicken":3,"minecraft:stone_hoe":65,"minecraft:rotten_flesh":8,"minecraft:iron_chestplate":1,"minecraft:oak_door":12,"minecraft:torch":156,"minecraft:dirt":20,"minecraft:tuff":13,"minecraft:iron_axe":167,"minecraft:diamond_chestplate":2,"minecraft:bow":15,"minecraft:oak_sapling":59,"minecraft:furnace":6,"minecraft:potato":378,"minecraft:cobbled_deepslate":49,"minecraft:pumpkin":1,"minecraft:wheat_seeds":2,"minecraft:water_bucket":76,"minecraft:diorite":20,"minecraft:stone_pickaxe":78,"minecraft:oak_planks":84,"minecraft:baked_potato":32,"minecraft:wooden_pickaxe":8,"minecraft:sandstone":26,"minecraft:sugar_cane":42,"minecraft:fletching_table":5,"minecraft:jungle_boat":1,"minecraft:white_wool":4,"minecraft:sand":22,"minecraft:rail":1,"minecraft:oak_slab":11,"minecraft:crafting_table":14,"minecraft:white_bed":11,"minecraft:oak_log":1,"minecraft:wooden_hoe":61,"minecraft:apple":1,"minecraft:bread":49,"minecraft:melon_slice":13,"minecraft:iron_pickaxe":578,"minecraft:oak_pressure_plate":1,"minecraft:gravel":47,"minecraft:stone_axe":236,"minecraft:green_carpet":3,"minecraft:fishing_rod":1,"minecraft:cobblestone":161,"minecraft:cooked_porkchop":2,"minecraft:bucket":76,"minecraft:andesite":7,"minecraft:yellow_bed":1,"minecraft:oak_boat":2,"minecraft:bone_meal":96,"minecraft:diamond_leggings":1},"minecraft:custom":{"minecraft:mob_kills":75,"minecraft:interact_with_crafting_table":54,"minecraft:bell_ring":7,"minecraft:leave_game":10,"minecraft:time_since_death":157858,"minecraft:climb_one_cm":17535,"minecraft:sprint_one_cm":758051,"minecraft:walk_one_cm":960941,"minecraft:damage_blocked_by_shield":1463,"minecraft:drop":207,"minecraft:talked_to_villager":35,"minecraft:play_time":418061,"minecraft:deaths":6,"minecraft:sneak_time":23311,"minecraft:walk_under_water_one_cm":47050,"minecraft:boat_one_cm":305207,"minecraft:jump":8501,"minecraft:walk_on_water_one_cm":69146,"minecraft:total_world_time":418061,"minecraft:interact_with_furnace":66,"minecraft:traded_with_villager":44,"minecraft:sleep_in_bed":12,"minecraft:time_since_rest":38785,"minecraft:damage_taken":5186,"minecraft:damage_dealt":14343,"minecraft:swim_one_cm":137707,"minecraft:fly_one_cm":1048879,"minecraft:player_kills":4,"minecraft:open_chest":37,"minecraft:crouch_one_cm":37113,"minecraft:fall_one_cm":221478,"minecraft:horse_one_cm":76196}},"DataVersion":3839}