{"stats":{"minecraft:killed_by":{"minecraft:player":1},"minecraft:crafted":{"minecraft:baked_potato":1},"minecraft:picked_up":{"minecraft:stick":3,"minecraft:rotten_flesh":3,"minecraft:torch":1,"minecraft:potato":1},"minecraft:mined":{"minecraft:dead_bush":3,"minecraft:player_head":2,"minecraft:wall_torch":1},"minecraft:custom":{"minecraft:time_since_rest":1845,"minecraft:open_chest":3,"minecraft:crouch_one_cm":795,"minecraft:play_time":23378,"minecraft:interact_with_furnace":2,"minecraft:sprint_one_cm":12,"minecraft:deaths":2,"minecraft:damage_taken":538,"minecraft:walk_one_cm":32190,"minecraft:sneak_time":835,"minecraft:mob_kills":1,"minecraft:jump":82,"minecraft:damage_dealt":151,"minecraft:leave_game":1,"minecraft:time_since_death":1784,"minecraft:sleep_in_bed":1,"minecraft:total_world_time":23378,"minecraft:swim_one_cm":6927,"minecraft:fall_one_cm":836,"minecraft:fly_one_cm":986}},"DataVersion":3839}