{"stats":{"minecraft:mined":{"minecraft:player_head":1,"minecraft:dead_bush":3},"minecraft:custom":{"minecraft:jump":16,"minecraft:open_chest":1,"minecraft:time_since_rest":15286,"minecraft:damage_dealt":61,"minecraft:crouch_one_cm":386,"minecraft:leave_game":1,"minecraft:deaths":1,"minecraft:play_time":17387,"minecraft:damage_taken":245,"minecraft:time_since_death":15096,"minecraft:walk_one_cm":8952,"minecraft:sneak_time":598,"minecraft:total_world_time":17387,"minecraft:mob_kills":1,"minecraft:swim_one_cm":1841,"minecraft:fly_one_cm":765},"minecraft:picked_up":{"minecraft:stick":3,"minecraft:rotten_flesh":2,"minecraft:potato":1}},"DataVersion":3839}