{"stats":{"minecraft:killed_by":{"minecraft:zombie":1,"minecraft:player":1},"minecraft:crafted":{"minecraft:baked_potato":1},"minecraft:picked_up":{"minecraft:stick":3,"minecraft:rotten_flesh":3,"minecraft:apple":1,"minecraft:torch":1,"minecraft:potato":1,"minecraft:dirt":2},"minecraft:used":{"minecraft:apple":1,"minecraft:dirt":96},"minecraft:mined":{"minecraft:grass_block":2,"minecraft:dead_bush":3,"minecraft:player_head":3,"minecraft:oak_leaves":4,"minecraft:wall_torch":1},"minecraft:custom":{"minecraft:time_since_rest":12524,"minecraft:open_chest":5,"minecraft:crouch_one_cm":4988,"minecraft:play_time":40094,"minecraft:interact_with_furnace":2,"minecraft:sprint_one_cm":1422,"minecraft:deaths":4,"minecraft:damage_taken":854,"minecraft:walk_one_cm":64999,"minecraft:sneak_time":6431,"minecraft:mob_kills":1,"minecraft:jump":248,"minecraft:damage_dealt":181,"minecraft:leave_game":2,"minecraft:time_since_death":12440,"minecraft:sleep_in_bed":1,"minecraft:climb_one_cm":1223,"minecraft:total_world_time":40094,"minecraft:swim_one_cm":12498,"minecraft:fall_one_cm":5803,"minecraft:fly_one_cm":1661}},"DataVersion":3839}